DATA;TOTAL_VENDA;CAIXA_VENDEDOR;COD_FORMA_PGTO;VALOR_CANCELADO;NUMERO_CUPOM_FISCAL
2018-12-17 00:00:00.000;255;TH;1;109,9;2
2018-12-17 00:00:00.000;245;JLP;1;0;3
2018-12-17 00:00:00.000;128;JLP;1;0;4
2018-12-17 00:00:00.000;557;JLP;1;149,5;5
2018-12-17 00:00:00.000;313;JLP;4;0;6
2018-12-17 00:00:00.000;537;JLP;3;0;7
2018-12-17 00:00:00.000;430;JLP;##;0;8
2018-12-17 00:00:00.000;476;JLP;3;0;9
2018-12-17 00:00:00.000;451;JLP;3;0;10
2018-12-17 00:00:00.000;553;JLP;3;0;11
2018-12-17 00:00:00.000;222;JLP;3;0;12
2018-12-17 00:00:00.000;524;JLP;3;0;13
2018-12-17 00:00:00.000;433;JLP;4;0;14
2018-12-17 00:00:00.000;257;JLP;##;0;15
2018-12-17 00:00:00.000;190;JLP;1;0;16
2018-12-17 00:00:00.000;271;JLP;4;0;17
2018-12-17 00:00:00.000;347;JLP;3;0;18
2018-12-17 00:00:00.000;294;JLP;3;0;19
2018-12-17 00:00:00.000;238;JLP;4;0;20
2018-12-17 00:00:00.000;484;JLP;4;109,7;21
2018-12-17 00:00:00.000;474;JLP;4;33,9;22
2018-12-17 00:00:00.000;542;JLP;4;0;23
2018-12-17 00:00:00.000;596;JLP;3;0;24
2018-12-17 00:00:00.000;200;JLP;3;0;25
2018-12-17 00:00:00.000;145;JLP;3;0;26
2018-12-17 00:00:00.000;374;JLP;3;0;27
2018-12-17 00:00:00.000;567;JLP;3;0;28
2018-12-17 00:00:00.000;233;JLP;3;0;29
2018-12-17 00:00:00.000;116;JLP;##;0;30
2018-12-17 00:00:00.000;117;JLP;3;0;31
2018-12-17 00:00:00.000;151;JLP;1;0;32
2018-12-17 00:00:00.000;427;JLP;1;0;33
2018-12-18 00:00:00.000;182;JLP;4;0;34
2018-12-18 00:00:00.000;566;JLP;3;0;35
2018-12-18 00:00:00.000;393;JLP;4;0;36
2018-12-18 00:00:00.000;251;JLP;1;0;37
2018-12-18 00:00:00.000;573;JLP;1;0;38
2018-12-18 00:00:00.000;488;JLP;4;0;39
2018-12-18 00:00:00.000;224;JLP;1;0;40
2018-12-18 00:00:00.000;141;JLP;1;0;41
2018-12-18 00:00:00.000;250;JLP;3;0;42
2018-12-18 00:00:00.000;399;JLP;3;0;43
2018-12-18 00:00:00.000;188;JLP;1;0;44
2018-12-18 00:00:00.000;476;JLP;4;0;45
2018-12-18 00:00:00.000;179;JLP;1;0;46
2018-12-18 00:00:00.000;199;JLP;4;0;47
2018-12-18 00:00:00.000;385;JLP;4;0;48
2018-12-18 00:00:00.000;544;JLP;4;0;49
2018-12-18 00:00:00.000;134;JLP;3;0;50
2018-12-18 00:00:00.000;165;JLP;1;0;51
2018-12-18 00:00:00.000;561;JLP;4;0;52
2018-12-18 00:00:00.000;415;JLP;4;0;53
2018-12-18 00:00:00.000;354;JLP;4;0;54
2018-12-18 00:00:00.000;427;JLP;4;0;55
2018-12-18 00:00:00.000;308;JLP;1;0;56
2018-12-18 00:00:00.000;204;JLP;1;0;57
2018-12-18 00:00:00.000;291;JLP;1;0;58
2018-12-18 00:00:00.000;605;JLP;3;0;59
2018-12-18 00:00:00.000;466;JLP;3;0;60
2018-12-18 00:00:00.000;529;JLP;4;0;61
2018-12-18 00:00:00.000;575;JLP;4;0;62
2018-12-18 00:00:00.000;532;JLP;##;0;63
2018-12-18 00:00:00.000;422;JLP;3;0;64
2018-12-18 00:00:00.000;181;JLP;4;0;65
2018-12-18 00:00:00.000;403;JLP;3;0;66
2018-12-18 00:00:00.000;606;JLP;4;0;67
2018-12-18 00:00:00.000;523;JLP;1;0;68
2018-12-18 00:00:00.000;333;JLP;1;0;69
2018-12-18 00:00:00.000;605;JLP;4;0;70
2018-12-18 00:00:00.000;342;JLP;4;0;71
2018-12-18 00:00:00.000;174;JLP;1;0;72
2018-12-18 00:00:00.000;586;JLP;4;0;73
2018-12-18 00:00:00.000;472;JLP;##;0;74
2018-12-18 00:00:00.000;462;JLP;3;0;75
2018-12-18 00:00:00.000;489;JLP;1;0;76
2018-12-18 00:00:00.000;386;JLP;1;0;77
2018-12-18 00:00:00.000;333;JLP;4;0;78
2018-12-18 00:00:00.000;363;JLP;3;0;79
2018-12-18 00:00:00.000;604;JLP;4;0;80
2018-12-18 00:00:00.000;340;JLP;##;0;81
2018-12-18 00:00:00.000;122;JLP;4;0;82
2018-12-18 00:00:00.000;606;JLP;4;0;83
2018-12-18 00:00:00.000;345;JLP;3;0;84
2018-12-18 00:00:00.000;139;JLP;3;0;85
2018-12-18 00:00:00.000;611;JLP;4;0;86
2018-12-18 00:00:00.000;361;JLP;3;0;87
2018-12-18 00:00:00.000;606;JLP;3;0;88
2018-12-18 00:00:00.000;158;JLP;4;0;89
2018-12-18 00:00:00.000;275;JLP;3;0;90
2018-12-18 00:00:00.000;528;JLP;4;0;91
2018-12-18 00:00:00.000;259;JLP;1;0;92
2018-12-18 00:00:00.000;199;JLP;1;0;93
2018-12-18 00:00:00.000;234;JLP;4;0;94
2018-12-18 00:00:00.000;275;JLP;1;0;95
2018-12-18 00:00:00.000;559;JLP;1;0;96
2018-12-18 00:00:00.000;573;JLP;4;0;97
2018-12-18 00:00:00.000;339;JLP;4;0;98
2018-12-18 00:00:00.000;167;JLP;1;0;99
2018-12-18 00:00:00.000;567;JLP;4;0;100
2018-12-18 00:00:00.000;361;JLP;3;0;101
2018-12-18 00:00:00.000;146;JLP;4;0;102
2018-12-18 00:00:00.000;291;JLP;4;0;103
2018-12-18 00:00:00.000;548;JLP;3;0;104
2018-12-18 00:00:00.000;448;JLP;3;0;105
2018-12-18 00:00:00.000;449;JLP;4;0;106
2018-12-18 00:00:00.000;127;JLP;4;0;107
2018-12-18 00:00:00.000;153;JLP;4;0;108
2018-12-18 00:00:00.000;411;JLP;1;0;109
2018-12-18 00:00:00.000;127;JLP;3;0;110
2018-12-18 00:00:00.000;599;JLP;4;0;111
2018-12-18 00:00:00.000;567;JLP;4;0;112
2018-12-19 00:00:00.000;573;VNS;1;0;113
2018-12-19 00:00:00.000;111;VNS;4;0;114
2018-12-19 00:00:00.000;514;VNS;4;0;115
2018-12-19 00:00:00.000;257;VNS;1;0;116
2018-12-19 00:00:00.000;400;VNS;3;0;117
2018-12-19 00:00:00.000;290;VNS;3;0;118
2018-12-19 00:00:00.000;180;VNS;4;0;119
2018-12-19 00:00:00.000;317;VNS;4;0;120
2018-12-19 00:00:00.000;235;VNS;4;0;121
2018-12-19 00:00:00.000;117;VNS;4;0;122
2018-12-19 00:00:00.000;538;VNS;4;0;123
2018-12-19 00:00:00.000;302;VNS;4;0;124
2018-12-19 00:00:00.000;390;VNS;1;0;125
2018-12-19 00:00:00.000;254;VNS;4;0;126
2018-12-19 00:00:00.000;519;VNS;1;0;127
2018-12-19 00:00:00.000;135;VNS;3;0;128
2018-12-19 00:00:00.000;173;VNS;4;0;129
2018-12-19 00:00:00.000;237;VNS;1;0;130
2018-12-19 00:00:00.000;202;VNS;1;0;131
2018-12-19 00:00:00.000;352;VNS;4;0;132
2018-12-19 00:00:00.000;143;VNS;4;0;133
2018-12-19 00:00:00.000;239;VNS;4;0;134
2018-12-19 00:00:00.000;478;VNS;1;0;135
2018-12-19 00:00:00.000;600;VNS;4;0;136
2018-12-19 00:00:00.000;581;VNS;1;0;137
2018-12-19 00:00:00.000;297;JLP;4;0;138
2018-12-19 00:00:00.000;450;JLP;4;0;139
2018-12-19 00:00:00.000;604;JLP;4;0;140
2018-12-19 00:00:00.000;545;JLP;1;0;141
2018-12-19 00:00:00.000;430;JLP;4;0;142
2018-12-19 00:00:00.000;550;JLP;4;0;143
2018-12-19 00:00:00.000;415;JLP;3;0;144
2018-12-19 00:00:00.000;340;JLP;4;0;145
2018-12-19 00:00:00.000;291;JLP;4;0;146
2018-12-19 00:00:00.000;477;JLP;1;0;147
2018-12-19 00:00:00.000;316;JLP;1;0;148
2018-12-19 00:00:00.000;129;JLP;1;0;149
2018-12-19 00:00:00.000;323;JLP;1;0;150
2018-12-19 00:00:00.000;177;JLP;1;0;151
2018-12-19 00:00:00.000;460;JLP;##;0;152
2018-12-19 00:00:00.000;421;JLP;3;0;153
2018-12-19 00:00:00.000;420;JLP;1;0;154
2018-12-19 00:00:00.000;444;JLP;1;0;155
2018-12-19 00:00:00.000;531;JLP;1;0;156
2018-12-19 00:00:00.000;474;JLP;3;0;157
2018-12-19 00:00:00.000;407;JLP;4;0;158
2018-12-19 00:00:00.000;320;JLP;1;0;159
2018-12-19 00:00:00.000;524;JLP;4;0;160
2018-12-19 00:00:00.000;518;JLP;##;0;161
2018-12-19 00:00:00.000;337;JLP;4;0;162
2018-12-19 00:00:00.000;240;JLP;4;0;163
2018-12-19 00:00:00.000;282;JLP;4;0;164
2018-12-19 00:00:00.000;336;JLP;4;0;165
2018-12-19 00:00:00.000;161;JLP;4;0;166
2018-12-19 00:00:00.000;316;JLP;1;0;167
2018-12-19 00:00:00.000;403;JLP;4;0;168
2018-12-19 00:00:00.000;435;JLP;4;0;169
2018-12-19 00:00:00.000;365;JLP;4;0;170
2018-12-19 00:00:00.000;554;JLP;1;0;171
2018-12-19 00:00:00.000;132;JLP;4;0;172
2018-12-19 00:00:00.000;493;JLP;1;0;173
2018-12-19 00:00:00.000;564;JLP;4;0;174
2018-12-19 00:00:00.000;584;JLP;4;0;175
2018-12-19 00:00:00.000;207;JLP;##;0;176
2018-12-19 00:00:00.000;275;JLP;4;0;177
2018-12-19 00:00:00.000;272;JLP;1;0;178
2018-12-19 00:00:00.000;140;JLP;3;0;179
2018-12-19 00:00:00.000;542;JLP;1;0;180
2018-12-19 00:00:00.000;580;JLP;4;0;181
2018-12-19 00:00:00.000;368;JLP;4;0;182
2018-12-19 00:00:00.000;291;JLP;1;0;183
2018-12-19 00:00:00.000;182;JLP;4;0;184
2018-12-19 00:00:00.000;194;JLP;1;0;185
2018-12-19 00:00:00.000;243;JLP;4;0;186
2018-12-19 00:00:00.000;427;JLP;1;0;187
2018-12-19 00:00:00.000;586;JLP;1;0;188
2018-12-19 00:00:00.000;356;JLP;4;0;189
2018-12-19 00:00:00.000;611;JLP;4;0;190
2018-12-19 00:00:00.000;487;JLP;1;0;191
2018-12-19 00:00:00.000;157;JLP;4;0;192
2018-12-19 00:00:00.000;274;JLP;1;0;193
2018-12-19 00:00:00.000;313;JLP;1;0;194
2018-12-19 00:00:00.000;533;JLP;4;0;195
2018-12-19 00:00:00.000;132;JLP;1;0;196
2018-12-19 00:00:00.000;347;JLP;3;0;197
2018-12-20 00:00:00.000;515;JLP;##;0;198
2018-12-20 00:00:00.000;455;JLP;4;0;199
2018-12-20 00:00:00.000;412;JLP;##;0;200
2018-12-20 00:00:00.000;383;JLP;4;0;201
2018-12-20 00:00:00.000;267;JLP;3;0;202
2018-12-20 00:00:00.000;511;JLP;4;0;203
2018-12-20 00:00:00.000;474;JLP;3;0;204
2018-12-20 00:00:00.000;516;JLP;1;0;205
2018-12-20 00:00:00.000;462;JLP;3;0;206
2018-12-20 00:00:00.000;442;JLP;##;0;207
2018-12-20 00:00:00.000;391;JLP;1;0;208
2018-12-20 00:00:00.000;290;JLP;4;0;209
2018-12-20 00:00:00.000;295;JLP;1;0;210
2018-12-20 00:00:00.000;411;JLP;4;0;211
2018-12-20 00:00:00.000;378;JLP;1;0;212
2018-12-20 00:00:00.000;175;JLP;4;0;213
2018-12-20 00:00:00.000;411;JLP;3;0;214
2018-12-20 00:00:00.000;516;JLP;4;0;215
2018-12-20 00:00:00.000;601;JLP;4;0;216
2018-12-20 00:00:00.000;381;JLP;3;0;217
2018-12-20 00:00:00.000;319;JLP;1;0;218
2018-12-20 00:00:00.000;429;JLP;1;0;219
2018-12-20 00:00:00.000;163;JLP;4;0;220
2018-12-20 00:00:00.000;303;JLP;4;0;221
2018-12-20 00:00:00.000;570;JLP;3;0;222
2018-12-20 00:00:00.000;355;JLP;1;0;223
2018-12-20 00:00:00.000;518;JLP;4;0;224
2018-12-20 00:00:00.000;338;JLP;1;0;225
2018-12-20 00:00:00.000;190;JLP;3;0;226
2018-12-20 00:00:00.000;470;JLP;3;0;227
2018-12-20 00:00:00.000;289;JLP;3;0;228
2018-12-20 00:00:00.000;430;JLP;3;0;229
2018-12-20 00:00:00.000;276;JLP;1;0;230
2018-12-20 00:00:00.000;427;JLP;1;0;231
2018-12-20 00:00:00.000;381;JLP;1;0;232
2018-12-20 00:00:00.000;171;JLP;##;0;233
2018-12-20 00:00:00.000;185;JLP;3;0;234
2018-12-20 00:00:00.000;510;JLP;3;0;235
2018-12-20 00:00:00.000;499;JLP;3;0;236
2018-12-20 00:00:00.000;412;JLP;4;0;237
2018-12-20 00:00:00.000;272;JLP;1;0;238
2018-12-20 00:00:00.000;472;JLP;3;0;239
2018-12-20 00:00:00.000;371;JLP;##;0;240
2018-12-20 00:00:00.000;233;JLP;4;0;241
2018-12-20 00:00:00.000;219;JLP;4;0;242
2018-12-20 00:00:00.000;273;JLP;4;0;243
2018-12-20 00:00:00.000;132;JLP;1;0;244
2018-12-20 00:00:00.000;137;JLP;4;0;245
2018-12-20 00:00:00.000;413;JLP;3;0;246
2018-12-20 00:00:00.000;510;JLP;3;30,9;247
2018-12-20 00:00:00.000;367;JLP;4;0;248
2018-12-20 00:00:00.000;232;JLP;3;0;249
2018-12-20 00:00:00.000;332;JLP;##;0;250
2018-12-20 00:00:00.000;318;JLP;4;0;251
2018-12-20 00:00:00.000;441;JLP;3;0;252
2018-12-20 00:00:00.000;133;JLP;3;0;253
2018-12-20 00:00:00.000;471;JLP;1;0;254
2018-12-20 00:00:00.000;425;JLP;1;0;255
2018-12-20 00:00:00.000;257;JLP;3;0;256
2018-12-20 00:00:00.000;121;JLP;3;0;257
2018-12-20 00:00:00.000;519;JLP;4;0;258
2018-12-20 00:00:00.000;367;JLP;1;0;259
2018-12-20 00:00:00.000;504;JLP;1;151,9;260
2018-12-20 00:00:00.000;175;JLP;1;0;261
2018-12-20 00:00:00.000;387;JLP;3;0;262
2018-12-20 00:00:00.000;401;JLP;3;0;263
2018-12-20 00:00:00.000;608;JLP;1;0;264
2018-12-20 00:00:00.000;426;JLP;4;0;265
2018-12-20 00:00:00.000;607;JLP;4;0;266
2018-12-20 00:00:00.000;359;JLP;1;0;267
2018-12-20 00:00:00.000;489;JLP;4;0;268
2018-12-20 00:00:00.000;353;JLP;1;151,9;269
2018-12-20 00:00:00.000;598;JLP;4;0;270
2018-12-20 00:00:00.000;342;JLP;3;0;271
2018-12-20 00:00:00.000;516;JLP;3;0;272
2018-12-20 00:00:00.000;416;JLP;3;0;273
2018-12-20 00:00:00.000;359;JLP;4;0;274
2018-12-20 00:00:00.000;303;JLP;3;0;275
2018-12-20 00:00:00.000;187;JLP;##;0;276
2018-12-20 00:00:00.000;608;JLP;1;0;277
2018-12-20 00:00:00.000;172;JLP;4;0;278
2018-12-20 00:00:00.000;186;JLP;3;0;279
2018-12-20 00:00:00.000;316;JLP;##;0;280
2018-12-20 00:00:00.000;583;JLP;4;0;281
2018-12-20 00:00:00.000;460;JLP;##;0;282
2018-12-20 00:00:00.000;326;JLP;4;0;283
2018-12-20 00:00:00.000;486;JLP;4;57,7;284
2018-12-20 00:00:00.000;345;JLP;##;0;285
2018-12-20 00:00:00.000;575;JLP;##;0;286
2018-12-20 00:00:00.000;495;JLP;1;39,9;287
2018-12-20 00:00:00.000;591;JLP;##;0;288
2018-12-20 00:00:00.000;278;JLP;1;56,9;289
2018-12-20 00:00:00.000;451;JLP;##;0;290
2018-12-20 00:00:00.000;423;JLP;1;0;291
2018-12-20 00:00:00.000;599;JLP;4;0;292
2018-12-20 00:00:00.000;351;JLP;4;0;293
2018-12-20 00:00:00.000;463;JLP;1;0;294
2018-12-20 00:00:00.000;513;JLP;4;0;295
2018-12-20 00:00:00.000;327;JLP;4;0;296
2018-12-20 00:00:00.000;355;JLP;##;0;297
2018-12-20 00:00:00.000;141;JLP;4;0;298
2018-12-20 00:00:00.000;296;JLP;4;0;299
2018-12-20 00:00:00.000;354;JLP;1;0;300
2018-12-20 00:00:00.000;458;JLP;1;0;301
2018-12-20 00:00:00.000;395;JLP;4;0;302
2018-12-20 00:00:00.000;141;JLP;1;0;303
2018-12-21 00:00:00.000;349;JLP;3;0;304
2018-12-21 00:00:00.000;269;JLP;3;0;305
2018-12-21 00:00:00.000;368;JLP;4;0;306
2018-12-21 00:00:00.000;334;JLP;4;0;307
2018-12-21 00:00:00.000;331;JLP;1;0;308
2018-12-21 00:00:00.000;119;JLP;1;0;309
2018-12-21 00:00:00.000;364;JLP;1;0;310
2018-12-21 00:00:00.000;440;JLP;3;0;311
2018-12-21 00:00:00.000;170;JLP;4;0;312
2018-12-21 00:00:00.000;247;JLP;1;0;313
2018-12-21 00:00:00.000;582;JLP;4;0;314
2018-12-21 00:00:00.000;372;JLP;4;0;315
2018-12-21 00:00:00.000;553;JLP;3;0;316
2018-12-21 00:00:00.000;511;JLP;4;0;317
2018-12-21 00:00:00.000;361;JLP;4;0;318
2018-12-21 00:00:00.000;213;JLP;4;0;319
2018-12-21 00:00:00.000;599;JLP;3;0;320
2018-12-21 00:00:00.000;481;JLP;3;0;321
2018-12-21 00:00:00.000;441;JLP;3;0;322
2018-12-21 00:00:00.000;602;JLP;4;0;323
2018-12-21 00:00:00.000;454;JLP;1;0;324
2018-12-21 00:00:00.000;587;JLP;4;0;325
2018-12-21 00:00:00.000;308;JLP;1;0;326
2018-12-21 00:00:00.000;562;JLP;1;34,9;327
2018-12-21 00:00:00.000;571;JLP;4;0;328
2018-12-21 00:00:00.000;266;JLP;1;0;329
2018-12-21 00:00:00.000;128;JLP;4;0;330
2018-12-21 00:00:00.000;127;JLP;4;0;331
2018-12-21 00:00:00.000;520;JLP;4;0;332
2018-12-21 00:00:00.000;266;JLP;1;0;333
2018-12-21 00:00:00.000;231;JLP;4;0;334
2018-12-21 00:00:00.000;295;JLP;3;0;335
2018-12-21 00:00:00.000;335;JLP;3;0;336
2018-12-21 00:00:00.000;601;JLP;4;0;337
2018-12-21 00:00:00.000;508;JLP;4;0;338
2018-12-21 00:00:00.000;396;JLP;1;0;339
2018-12-21 00:00:00.000;527;JLP;1;0;340
2018-12-21 00:00:00.000;545;JLP;1;0;341
2018-12-21 00:00:00.000;399;JLP;3;0;342
2018-12-21 00:00:00.000;525;JLP;4;0;343
2018-12-21 00:00:00.000;246;JLP;1;0;344
2018-12-21 00:00:00.000;228;JLP;4;0;345
2018-12-21 00:00:00.000;375;JLP;3;0;346
2018-12-21 00:00:00.000;588;JLP;1;0;347
2018-12-21 00:00:00.000;387;JLP;1;0;348
2018-12-21 00:00:00.000;322;JLP;4;0;349
2018-12-21 00:00:00.000;161;JLP;4;0;350
2018-12-21 00:00:00.000;525;JLP;1;0;351
2018-12-21 00:00:00.000;419;JLP;4;0;352
2018-12-21 00:00:00.000;486;JLP;1;0;353
2018-12-21 00:00:00.000;453;JLP;##;0;354
2018-12-21 00:00:00.000;446;JLP;1;24,9;355
2018-12-21 00:00:00.000;180;JLP;1;0;356
2018-12-21 00:00:00.000;468;JLP;1;0;357
2018-12-21 00:00:00.000;342;JLP;3;0;358
2018-12-21 00:00:00.000;553;JLP;1;0;359
2018-12-21 00:00:00.000;331;JLP;3;0;360
2018-12-21 00:00:00.000;376;JLP;3;0;361
2018-12-21 00:00:00.000;384;JLP;4;0;362
2018-12-21 00:00:00.000;540;JLP;1;0;363
2018-12-21 00:00:00.000;426;JLP;4;0;364
2018-12-21 00:00:00.000;291;JLP;##;0;365
2018-12-21 00:00:00.000;367;JLP;4;0;366
2018-12-21 00:00:00.000;195;JLP;3;0;367
2018-12-21 00:00:00.000;117;JLP;3;0;368
2018-12-21 00:00:00.000;218;JLP;3;0;369
2018-12-21 00:00:00.000;395;JLP;3;0;370
2018-12-21 00:00:00.000;210;JLP;1;0;371
2018-12-21 00:00:00.000;142;JLP;1;0;372
2018-12-21 00:00:00.000;404;JLP;3;0;373
2018-12-21 00:00:00.000;426;JLP;1;0;374
2018-12-21 00:00:00.000;385;JLP;3;0;375
2018-12-21 00:00:00.000;163;JLP;4;0;376
2018-12-21 00:00:00.000;485;JLP;3;0;377
2018-12-21 00:00:00.000;525;JLP;##;0;378
2018-12-21 00:00:00.000;521;JLP;3;0;379
2018-12-21 00:00:00.000;438;JLP;4;0;380
2018-12-21 00:00:00.000;133;JLP;1;0;381
2018-12-21 00:00:00.000;308;JLP;4;0;382
2018-12-21 00:00:00.000;189;JLP;1;0;383
2018-12-21 00:00:00.000;218;JLP;1;0;384
2018-12-21 00:00:00.000;206;JLP;3;0;385
2018-12-21 00:00:00.000;190;JLP;4;0;386
2018-12-21 00:00:00.000;270;JLP;1;0;387
2018-12-21 00:00:00.000;193;JLP;1;0;388
2018-12-21 00:00:00.000;349;JLP;1;0;389
2018-12-21 00:00:00.000;584;JLP;4;0;390
2018-12-21 00:00:00.000;410;JLP;1;0;391
2018-12-21 00:00:00.000;521;JLP;4;0;392
2018-12-21 00:00:00.000;154;JLP;3;0;393
2018-12-21 00:00:00.000;283;JLP;4;0;394
2018-12-21 00:00:00.000;531;JLP;4;0;395
2018-12-21 00:00:00.000;384;JLP;4;0;396
2018-12-21 00:00:00.000;479;JLP;1;0;397
2018-12-21 00:00:00.000;131;JLP;3;0;398
2018-12-21 00:00:00.000;230;JLP;3;0;399
2018-12-21 00:00:00.000;154;JLP;1;0;400
2018-12-21 00:00:00.000;464;JLP;1;0;401
2018-12-21 00:00:00.000;237;JLP;4;0;402
2018-12-21 00:00:00.000;115;JLP;4;0;403
2018-12-21 00:00:00.000;147;JLP;4;0;404
2018-12-21 00:00:00.000;288;JLP;4;0;405
2018-12-21 00:00:00.000;536;JLP;4;0;406
2018-12-21 00:00:00.000;464;JLP;4;0;407
2018-12-21 00:00:00.000;489;JLP;1;0;408
2018-12-21 00:00:00.000;340;JLP;3;0;409
2018-12-21 00:00:00.000;376;JLP;3;0;410
2018-12-21 00:00:00.000;489;JLP;3;0;411
2018-12-21 00:00:00.000;120;JLP;4;0;412
2018-12-21 00:00:00.000;565;JLP;4;0;413
2018-12-21 00:00:00.000;205;JLP;3;0;414
2018-12-21 00:00:00.000;480;JLP;3;0;415
2018-12-21 00:00:00.000;372;JLP;1;0;416
2018-12-21 00:00:00.000;226;JLP;4;0;417
2018-12-21 00:00:00.000;361;JLP;3;0;418
2018-12-21 00:00:00.000;265;JLP;1;0;419
2018-12-21 00:00:00.000;322;JLP;1;0;420
2018-12-21 00:00:00.000;262;JLP;1;0;421
2018-12-21 00:00:00.000;220;JLP;1;0;422
2018-12-21 00:00:00.000;310;JLP;1;0;423
2018-12-21 00:00:00.000;118;JLP;1;0;424
2018-12-21 00:00:00.000;270;JLP;4;0;425
2018-12-21 00:00:00.000;607;JLP;4;0;426
2018-12-21 00:00:00.000;584;JLP;1;0;427
2018-12-21 00:00:00.000;443;JLP;1;0;428
2018-12-21 00:00:00.000;332;JLP;1;0;429
2018-12-21 00:00:00.000;394;JLP;##;0;430
2018-12-21 00:00:00.000;508;JLP;4;0;431
2018-12-21 00:00:00.000;578;JLP;1;0;432
2018-12-21 00:00:00.000;475;JLP;4;0;433
2018-12-21 00:00:00.000;539;JLP;3;0;434
2018-12-21 00:00:00.000;607;JLP;4;0;435
2018-12-21 00:00:00.000;450;JLP;3;0;436
2018-12-21 00:00:00.000;289;JLP;4;0;437
2018-12-21 00:00:00.000;214;JLP;4;0;438
2018-12-21 00:00:00.000;172;JLP;4;0;439
2018-12-21 00:00:00.000;143;JLP;3;0;440
2018-12-21 00:00:00.000;119;JLP;1;0;441
2018-12-21 00:00:00.000;540;JLP;4;0;442
2018-12-21 00:00:00.000;113;JLP;3;0;443
2018-12-21 00:00:00.000;573;JLP;4;0;444
2018-12-21 00:00:00.000;514;JLP;1;0;445
2018-12-21 00:00:00.000;382;JLP;1;0;446
2018-12-21 00:00:00.000;538;JLP;3;0;447
2018-12-21 00:00:00.000;447;JLP;1;0;448
2018-12-21 00:00:00.000;274;JLP;##;0;449
2018-12-21 00:00:00.000;559;JLP;3;0;450
2018-12-21 00:00:00.000;139;JLP;1;0;451
2018-12-21 00:00:00.000;477;JLP;1;0;452
2018-12-21 00:00:00.000;552;JLP;4;0;453
2018-12-21 00:00:00.000;315;JLP;4;0;454
2018-12-21 00:00:00.000;127;JLP;3;0;455
2018-12-21 00:00:00.000;337;JLP;3;0;456
2018-12-21 00:00:00.000;370;JLP;1;0;457
2018-12-21 00:00:00.000;186;JLP;1;0;458
2018-12-21 00:00:00.000;355;JLP;1;0;459
2018-12-21 00:00:00.000;132;JLP;3;0;460
2018-12-21 00:00:00.000;206;JLP;4;0;461
2018-12-21 00:00:00.000;293;JLP;3;0;462
2018-12-21 00:00:00.000;268;JLP;3;0;463
2018-12-21 00:00:00.000;341;JLP;4;0;464
2018-12-21 00:00:00.000;196;JLP;##;0;465
2018-12-21 00:00:00.000;497;JLP;1;0;466
2018-12-21 00:00:00.000;350;JLP;1;0;467
2018-12-21 00:00:00.000;524;JLP;4;0;468
2018-12-21 00:00:00.000;205;JLP;1;0;469
2018-12-21 00:00:00.000;433;JLP;4;0;470
2018-12-21 00:00:00.000;528;JLP;1;0;471
2018-12-21 00:00:00.000;426;JLP;4;0;472
2018-12-21 00:00:00.000;300;JLP;1;0;473
2018-12-21 00:00:00.000;239;JLP;4;0;474
2018-12-22 00:00:00.000;171;JLP;4;0;475
2018-12-22 00:00:00.000;219;JLP;1;-104,7;476
2018-12-22 00:00:00.000;404;JLP;4;0;477
2018-12-22 00:00:00.000;308;JLP;1;0;478
2018-12-22 00:00:00.000;413;JLP;1;0;479
2018-12-22 00:00:00.000;428;JLP;4;0;480
2018-12-22 00:00:00.000;410;JLP;1;0;481
2018-12-22 00:00:00.000;602;JLP;4;0;482
2018-12-22 00:00:00.000;345;JLP;1;0;483
2018-12-22 00:00:00.000;249;JLP;4;0;484
2018-12-22 00:00:00.000;351;JLP;4;0;485
2018-12-22 00:00:00.000;115;JLP;1;0;486
2018-12-22 00:00:00.000;442;JLP;1;0;487
2018-12-22 00:00:00.000;447;JLP;1;0;488
2018-12-22 00:00:00.000;242;JLP;4;0;489
2018-12-22 00:00:00.000;265;JLP;4;0;490
2018-12-22 00:00:00.000;302;JLP;4;0;491
2018-12-22 00:00:00.000;377;JLP;4;0;492
2018-12-22 00:00:00.000;604;JLP;4;0;493
2018-12-22 00:00:00.000;435;JLP;1;0;494
2018-12-22 00:00:00.000;467;JLP;4;0;495
2018-12-22 00:00:00.000;288;JLP;4;0;496
2018-12-22 00:00:00.000;337;JLP;1;0;497
2018-12-22 00:00:00.000;128;JLP;4;0;498
2018-12-22 00:00:00.000;247;JLP;4;0;499
2018-12-22 00:00:00.000;358;JLP;1;0;500
2018-12-22 00:00:00.000;396;JLP;4;0;501
2018-12-22 00:00:00.000;425;JLP;1;0;502
2018-12-22 00:00:00.000;360;JLP;4;0;503
2018-12-22 00:00:00.000;506;JLP;1;0;504
2018-12-22 00:00:00.000;160;JLP;4;0;505
2018-12-22 00:00:00.000;540;JLP;4;0;506
2018-12-22 00:00:00.000;461;JLP;1;0;507
2018-12-22 00:00:00.000;503;JLP;1;35,9;508
2018-12-22 00:00:00.000;160;JLP;1;0;509
2018-12-22 00:00:00.000;540;JLP;4;0;510
2018-12-22 00:00:00.000;425;JLP;##;0;511
2018-12-22 00:00:00.000;577;JLP;4;0;512
2018-12-22 00:00:00.000;164;JLP;4;0;513
2018-12-22 00:00:00.000;221;JLP;1;0;514
2018-12-22 00:00:00.000;572;JLP;4;0;515
2018-12-22 00:00:00.000;528;JLP;1;0;516
2018-12-22 00:00:00.000;184;JLP;4;0;517
2018-12-22 00:00:00.000;199;JLP;4;0;518
2018-12-22 00:00:00.000;481;JLP;##;140,6;519
2018-12-22 00:00:00.000;225;JLP;4;0;520
2018-12-22 00:00:00.000;470;JLP;##;0;521
2018-12-22 00:00:00.000;412;JLP;4;0;522
2018-12-22 00:00:00.000;470;JLP;4;0;523
2018-12-22 00:00:00.000;242;JLP;4;0;524
2018-12-22 00:00:00.000;368;JLP;4;0;525
2018-12-22 00:00:00.000;608;JLP;1;0;526
2018-12-22 00:00:00.000;380;JLP;4;0;527
2018-12-22 00:00:00.000;380;JLP;4;0;528
2018-12-22 00:00:00.000;287;JLP;4;0;529
2018-12-22 00:00:00.000;469;JLP;4;0;530
2018-12-22 00:00:00.000;147;JLP;4;0;531
2018-12-22 00:00:00.000;209;JLP;4;0;532
2018-12-22 00:00:00.000;161;JLP;4;0;533
2018-12-22 00:00:00.000;333;JLP;4;0;534
2018-12-22 00:00:00.000;493;JLP;4;0;535
2018-12-22 00:00:00.000;223;JLP;##;0;536
2018-12-22 00:00:00.000;143;JLP;1;0;537
2018-12-22 00:00:00.000;428;JLP;1;0;538
2018-12-22 00:00:00.000;349;JLP;4;0;539
2018-12-22 00:00:00.000;306;JLP;4;0;540
2018-12-22 00:00:00.000;447;JLP;4;0;541
2018-12-22 00:00:00.000;378;JLP;1;0;542
2018-12-22 00:00:00.000;362;JLP;4;0;543
2018-12-22 00:00:00.000;225;JLP;1;0;544
2018-12-22 00:00:00.000;571;JLP;4;0;545
2018-12-22 00:00:00.000;189;JLP;4;0;546
2018-12-22 00:00:00.000;274;JLP;4;0;547
2018-12-22 00:00:00.000;484;JLP;1;0;548
2018-12-22 00:00:00.000;610;JLP;4;0;549
2018-12-22 00:00:00.000;478;JLP;4;0;550
2018-12-22 00:00:00.000;122;JLP;##;0;551
2018-12-22 00:00:00.000;311;JLP;4;0;552
2018-12-22 00:00:00.000;433;JLP;4;0;553
2018-12-22 00:00:00.000;603;JLP;4;0;554
2018-12-22 00:00:00.000;330;JLP;4;0;555
2018-12-22 00:00:00.000;478;JLP;4;0;556
2018-12-22 00:00:00.000;202;JLP;4;0;557
2018-12-22 00:00:00.000;488;JLP;4;0;558
2018-12-22 00:00:00.000;442;JLP;4;0;559
2018-12-22 00:00:00.000;474;JLP;1;0;560
2018-12-22 00:00:00.000;132;JLP;4;0;561
2018-12-22 00:00:00.000;161;JLP;4;0;562
2018-12-22 00:00:00.000;430;JLP;1;0;563
2018-12-22 00:00:00.000;538;JLP;4;0;564
2018-12-22 00:00:00.000;123;JLP;4;0;565
2018-12-22 00:00:00.000;467;JLP;1;0;566
2018-12-22 00:00:00.000;603;JLP;4;0;567
2018-12-22 00:00:00.000;259;JLP;4;0;568
2018-12-22 00:00:00.000;599;JLP;4;0;569
2018-12-22 00:00:00.000;215;JLP;4;0;570
2018-12-22 00:00:00.000;200;JLP;1;0;571
2018-12-22 00:00:00.000;358;JLP;1;0;572
2018-12-22 00:00:00.000;215;JLP;4;0;573
2018-12-22 00:00:00.000;369;JLP;4;0;574
2018-12-22 00:00:00.000;235;JLP;4;0;575
2018-12-22 00:00:00.000;263;JLP;4;0;576
2018-12-22 00:00:00.000;570;JLP;4;0;577
2018-12-22 00:00:00.000;180;JLP;1;0;578
2018-12-22 00:00:00.000;295;JLP;3;0;579
2018-12-22 00:00:00.000;587;JLP;1;0;580
2018-12-22 00:00:00.000;330;JLP;3;0;581
2018-12-22 00:00:00.000;141;JLP;1;0;582
2018-12-22 00:00:00.000;589;JLP;4;0;583
2018-12-22 00:00:00.000;192;JLP;1;0;584
2018-12-22 00:00:00.000;381;JLP;1;0;585
2018-12-22 00:00:00.000;510;JLP;3;0;586
2018-12-22 00:00:00.000;218;JLP;3;0;587
2018-12-22 00:00:00.000;180;JLP;1;0;588
2018-12-22 00:00:00.000;250;JLP;4;0;589
2018-12-22 00:00:00.000;119;JLP;1;0;590
2018-12-22 00:00:00.000;111;JLP;4;0;591
2018-12-22 00:00:00.000;437;JLP;4;0;592
2018-12-22 00:00:00.000;319;JLP;1;0;593
2018-12-22 00:00:00.000;189;JLP;1;0;594
2018-12-22 00:00:00.000;610;JLP;1;0;595
2018-12-22 00:00:00.000;129;JLP;##;0;596
2018-12-22 00:00:00.000;223;JLP;3;0;597
2018-12-22 00:00:00.000;300;JLP;3;0;598
2018-12-22 00:00:00.000;313;JLP;3;0;599
2018-12-22 00:00:00.000;323;JLP;3;0;600
2018-12-22 00:00:00.000;444;JLP;1;0;601
2018-12-22 00:00:00.000;491;JLP;1;0;602
2018-12-22 00:00:00.000;334;JLP;4;0;603
2018-12-22 00:00:00.000;494;JLP;3;0;604
2018-12-22 00:00:00.000;479;JLP;3;0;605
2018-12-22 00:00:00.000;495;JLP;1;0;606
2018-12-22 00:00:00.000;116;JLP;1;0;607
2018-12-22 00:00:00.000;593;JLP;1;0;608
2018-12-22 00:00:00.000;259;JLP;1;0;609
2018-12-22 00:00:00.000;533;JLP;4;0;610
2018-12-22 00:00:00.000;354;JLP;1;0;611
2018-12-22 00:00:00.000;584;JLP;4;0;612
2018-12-22 00:00:00.000;331;JLP;1;0;613
2018-12-22 00:00:00.000;404;JLP;4;0;614
2018-12-22 00:00:00.000;488;JLP;1;0;615
2018-12-22 00:00:00.000;221;JLP;1;0;616
2018-12-22 00:00:00.000;336;JLP;1;0;617
2018-12-22 00:00:00.000;208;JLP;1;0;618
2018-12-22 00:00:00.000;580;JLP;1;0;619
2018-12-22 00:00:00.000;377;JLP;3;0;620
2018-12-22 00:00:00.000;175;JLP;1;0;621
2018-12-22 00:00:00.000;127;JLP;4;0;622
2018-12-22 00:00:00.000;278;JLP;1;0;623
2018-12-22 00:00:00.000;592;JLP;1;0;624
2018-12-22 00:00:00.000;497;JLP;1;0;625
2018-12-22 00:00:00.000;186;JLP;1;0;626
2018-12-22 00:00:00.000;406;JLP;3;0;627
2018-12-22 00:00:00.000;249;JLP;3;0;628
2018-12-22 00:00:00.000;268;JLP;1;0;629
2018-12-22 00:00:00.000;228;JLP;3;0;630
2018-12-22 00:00:00.000;421;JLP;1;0;631
2018-12-22 00:00:00.000;349;JLP;4;0;632
2018-12-22 00:00:00.000;580;JLP;1;0;633
2018-12-22 00:00:00.000;175;JLP;4;0;634
2018-12-22 00:00:00.000;165;JLP;1;0;635
2018-12-22 00:00:00.000;349;JLP;1;0;636
2018-12-22 00:00:00.000;568;JLP;3;0;637
2018-12-22 00:00:00.000;172;JLP;4;0;638
2018-12-22 00:00:00.000;213;JLP;3;0;639
2018-12-22 00:00:00.000;356;JLP;1;0;640
2018-12-22 00:00:00.000;409;JLP;1;0;641
2018-12-22 00:00:00.000;302;JLP;4;0;642
2018-12-22 00:00:00.000;351;JLP;1;0;643
2018-12-22 00:00:00.000;474;JLP;1;0;644
2018-12-22 00:00:00.000;134;JLP;3;0;645
2018-12-22 00:00:00.000;551;JLP;4;0;646
2018-12-23 00:00:00.000;314;JLP;1;0;647
2018-12-23 00:00:00.000;503;JLP;3;0;648
2018-12-23 00:00:00.000;169;JLP;3;0;649
2018-12-23 00:00:00.000;568;JLP;4;0;650
2018-12-23 00:00:00.000;250;JLP;3;0;651
2018-12-23 00:00:00.000;476;JLP;3;0;652
2018-12-23 00:00:00.000;458;JLP;1;0;653
2018-12-23 00:00:00.000;266;JLP;4;0;654
2018-12-23 00:00:00.000;370;JLP;3;0;655
2018-12-23 00:00:00.000;595;JLP;3;0;656
2018-12-23 00:00:00.000;273;JLP;1;0;657
2018-12-23 00:00:00.000;514;JLP;1;0;658
2018-12-23 00:00:00.000;374;JLP;4;0;659
2018-12-23 00:00:00.000;142;JLP;3;0;660
2018-12-23 00:00:00.000;250;JLP;1;0;661
2018-12-23 00:00:00.000;388;JLP;4;0;662
2018-12-23 00:00:00.000;197;JLP;1;0;663
2018-12-23 00:00:00.000;237;JLP;1;0;664
2018-12-23 00:00:00.000;409;JLP;3;0;665
2018-12-23 00:00:00.000;464;JLP;3;0;666
2018-12-23 00:00:00.000;255;JLP;4;0;667
2018-12-23 00:00:00.000;483;JLP;4;0;668
2018-12-23 00:00:00.000;575;JLP;4;0;669
2018-12-23 00:00:00.000;442;JLP;1;0;670
2018-12-23 00:00:00.000;155;JLP;##;0;671
2018-12-23 00:00:00.000;277;JLP;3;0;672
2018-12-23 00:00:00.000;449;JLP;3;0;673
2018-12-23 00:00:00.000;495;JLP;4;0;674
2018-12-23 00:00:00.000;245;JLP;3;0;675
2018-12-23 00:00:00.000;496;JLP;3;0;676
2018-12-23 00:00:00.000;209;JLP;4;0;677
2018-12-23 00:00:00.000;111;JLP;1;0;678
2018-12-23 00:00:00.000;533;JLP;1;0;679
2018-12-23 00:00:00.000;399;JLP;4;0;680
2018-12-23 00:00:00.000;383;JLP;3;0;681
2018-12-23 00:00:00.000;271;JLP;4;0;682
2018-12-23 00:00:00.000;452;JLP;3;0;683
2018-12-23 00:00:00.000;466;JLP;3;0;684
2018-12-23 00:00:00.000;477;JLP;4;0;685
2018-12-23 00:00:00.000;167;JLP;1;0;686
2018-12-23 00:00:00.000;396;JLP;1;0;687
2018-12-23 00:00:00.000;582;JLP;1;0;688
2018-12-23 00:00:00.000;228;JLP;4;0;689
2018-12-23 00:00:00.000;139;JLP;3;0;690
2018-12-23 00:00:00.000;243;JLP;4;0;691
2018-12-23 00:00:00.000;458;JLP;3;0;692
2018-12-23 00:00:00.000;451;JLP;4;0;693
2018-12-23 00:00:00.000;268;JLP;4;0;694
2018-12-23 00:00:00.000;516;JLP;3;0;695
2018-12-23 00:00:00.000;130;JLP;3;0;696
2018-12-23 00:00:00.000;520;JLP;4;0;697
2018-12-23 00:00:00.000;415;JLP;4;0;698
2018-12-23 00:00:00.000;221;JLP;1;0;699
2018-12-23 00:00:00.000;180;JLP;4;0;700
2018-12-23 00:00:00.000;259;JLP;3;0;701
2018-12-23 00:00:00.000;558;JLP;4;0;702
2018-12-23 00:00:00.000;314;JLP;4;0;703
2018-12-23 00:00:00.000;215;JLP;1;0;704
2018-12-23 00:00:00.000;285;JLP;4;0;705
2018-12-23 00:00:00.000;126;JLP;4;0;706
2018-12-23 00:00:00.000;340;JLP;3;0;707
2018-12-23 00:00:00.000;132;JLP;1;0;708
2018-12-23 00:00:00.000;561;JLP;1;0;709
2018-12-23 00:00:00.000;167;JLP;4;56,9;710
2018-12-23 00:00:00.000;181;JLP;3;0;711
2018-12-23 00:00:00.000;127;JLP;4;0;712
2018-12-23 00:00:00.000;466;JLP;4;0;713
2018-12-23 00:00:00.000;240;JLP;4;0;714
2018-12-23 00:00:00.000;522;JLP;4;0;715
2018-12-23 00:00:00.000;483;JLP;4;0;716
2018-12-23 00:00:00.000;598;JLP;3;0;717
2018-12-23 00:00:00.000;534;JLP;3;0;718
2018-12-23 00:00:00.000;266;JLP;1;0;719
2018-12-23 00:00:00.000;451;JLP;3;0;720
2018-12-23 00:00:00.000;242;JLP;1;0;721
2018-12-23 00:00:00.000;348;JLP;1;0;722
2018-12-23 00:00:00.000;476;JLP;4;0;723
2018-12-23 00:00:00.000;388;JLP;3;0;724
2018-12-23 00:00:00.000;326;JLP;4;0;725
2018-12-23 00:00:00.000;461;JLP;3;0;726
2018-12-23 00:00:00.000;536;JLP;1;0;727
2018-12-23 00:00:00.000;369;JLP;3;0;728
2018-12-23 00:00:00.000;331;JLP;4;0;729
2018-12-23 00:00:00.000;317;JLP;4;0;730
2018-12-23 00:00:00.000;501;JLP;##;0;731
2018-12-23 00:00:00.000;418;JLP;1;0;732
2018-12-23 00:00:00.000;123;JLP;1;0;733
2018-12-23 00:00:00.000;552;JLP;1;0;734
2018-12-23 00:00:00.000;119;JLP;4;0;735
2018-12-23 00:00:00.000;456;JLP;3;0;736
2018-12-23 00:00:00.000;500;JLP;4;0;737
2018-12-23 00:00:00.000;111;JLP;4;0;738
2018-12-23 00:00:00.000;359;JLP;4;0;739
2018-12-23 00:00:00.000;385;JLP;1;0;740
2018-12-23 00:00:00.000;117;JLP;4;0;741
2018-12-23 00:00:00.000;238;JLP;4;0;742
2018-12-23 00:00:00.000;224;JLP;1;0;743
2018-12-23 00:00:00.000;312;JLP;3;0;744
2018-12-23 00:00:00.000;345;JLP;4;0;745
2018-12-23 00:00:00.000;243;JLP;3;0;746
2018-12-23 00:00:00.000;270;JLP;3;0;747
2018-12-23 00:00:00.000;185;JLP;3;0;748
2018-12-23 00:00:00.000;169;JLP;4;0;749
2018-12-23 00:00:00.000;542;JLP;4;0;750
2018-12-23 00:00:00.000;401;JLP;4;0;751
2018-12-23 00:00:00.000;490;JLP;4;0;752
2018-12-23 00:00:00.000;577;JLP;1;0;753
2018-12-23 00:00:00.000;388;JLP;3;0;754
2018-12-23 00:00:00.000;537;JLP;3;0;755
2018-12-23 00:00:00.000;288;JLP;3;35,9;756
2018-12-23 00:00:00.000;479;JLP;1;0;757
2018-12-23 00:00:00.000;261;JLP;4;0;758
2018-12-23 00:00:00.000;222;JLP;4;0;759
2018-12-23 00:00:00.000;111;JLP;4;0;760
2018-12-23 00:00:00.000;385;JLP;1;0;761
2018-12-23 00:00:00.000;318;JLP;3;99,9;762
2018-12-23 00:00:00.000;410;JLP;4;0;763
2018-12-23 00:00:00.000;576;JLP;4;0;764
2018-12-23 00:00:00.000;406;JLP;4;0;765
2018-12-23 00:00:00.000;480;JLP;1;0;766
2018-12-23 00:00:00.000;482;JLP;4;0;767
2018-12-23 00:00:00.000;333;JLP;4;0;768
2018-12-23 00:00:00.000;429;JLP;4;0;769
2018-12-23 00:00:00.000;156;JLP;3;0;770
2018-12-23 00:00:00.000;218;JLP;4;0;771
2018-12-23 00:00:00.000;394;JLP;4;0;772
2018-12-23 00:00:00.000;227;JLP;3;0;773
2018-12-23 00:00:00.000;200;JLP;4;0;774
2018-12-23 00:00:00.000;529;JLP;1;0;775
2018-12-23 00:00:00.000;593;JLP;1;0;776
2018-12-23 00:00:00.000;603;JLP;3;0;777
2018-12-23 00:00:00.000;606;JLP;4;0;778
2018-12-23 00:00:00.000;226;JLP;4;0;779
2018-12-23 00:00:00.000;228;JLP;4;0;780
2018-12-23 00:00:00.000;245;JLP;3;0;781
2018-12-23 00:00:00.000;419;JLP;4;0;782
2018-12-23 00:00:00.000;366;JLP;4;0;783
2018-12-23 00:00:00.000;134;JLP;4;0;784
2018-12-23 00:00:00.000;482;JLP;3;0;785
2018-12-23 00:00:00.000;521;JLP;4;0;786
2018-12-23 00:00:00.000;230;JLP;3;0;787
2018-12-23 00:00:00.000;255;JLP;3;0;788
2018-12-23 00:00:00.000;308;JLP;4;0;789
2018-12-23 00:00:00.000;537;JLP;1;0;790
2018-12-23 00:00:00.000;612;JLP;1;0;791
2018-12-23 00:00:00.000;221;JLP;1;0;792
2018-12-23 00:00:00.000;165;JLP;1;0;793
2018-12-23 00:00:00.000;565;JLP;1;0;794
2018-12-23 00:00:00.000;578;JLP;3;0;795
2018-12-23 00:00:00.000;358;JLP;1;0;796
2018-12-23 00:00:00.000;298;JLP;4;0;797
2018-12-23 00:00:00.000;171;JLP;4;0;798
2018-12-23 00:00:00.000;256;JLP;3;0;799
2018-12-23 00:00:00.000;393;JLP;1;0;800
2018-12-23 00:00:00.000;292;JLP;1;0;801
2018-12-23 00:00:00.000;519;JLP;1;0;802
2018-12-23 00:00:00.000;528;JLP;4;0;803
2018-12-23 00:00:00.000;376;JLP;1;0;804
2018-12-23 00:00:00.000;594;JLP;1;0;805
2018-12-23 00:00:00.000;331;JLP;1;0;806
2018-12-23 00:00:00.000;525;JLP;3;0;807
2018-12-23 00:00:00.000;197;JLP;4;0;808
2018-12-23 00:00:00.000;200;JLP;1;0;809
2018-12-23 00:00:00.000;523;JLP;3;0;810
2018-12-23 00:00:00.000;211;JLP;3;0;811
2018-12-23 00:00:00.000;276;JLP;3;0;812
2018-12-23 00:00:00.000;584;JLP;4;0;813
2018-12-23 00:00:00.000;162;JLP;4;0;814
2018-12-23 00:00:00.000;250;JLP;4;0;815
2018-12-23 00:00:00.000;297;JLP;1;0;816
2018-12-23 00:00:00.000;466;JLP;4;0;817
2018-12-23 00:00:00.000;576;JLP;4;0;818
2018-12-23 00:00:00.000;346;JLP;1;0;819
2018-12-23 00:00:00.000;277;JLP;3;0;820
2018-12-23 00:00:00.000;606;JLP;1;0;821
2018-12-23 00:00:00.000;301;JLP;3;0;822
2018-12-23 00:00:00.000;252;JLP;4;0;823
2018-12-23 00:00:00.000;221;JLP;1;0;824
2018-12-23 00:00:00.000;126;JLP;4;0;825
2018-12-23 00:00:00.000;128;JLP;3;0;826
2018-12-23 00:00:00.000;229;JLP;1;0;827
2018-12-23 00:00:00.000;195;JLP;4;0;828
2018-12-23 00:00:00.000;583;JLP;1;0;829
2018-12-23 00:00:00.000;248;JLP;3;0;830
2018-12-23 00:00:00.000;387;JLP;4;0;831
2018-12-23 00:00:00.000;380;JLP;1;0;832
2018-12-23 00:00:00.000;482;JLP;4;0;833
2018-12-23 00:00:00.000;384;JLP;3;0;834
2018-12-23 00:00:00.000;517;JLP;1;0;835
2018-12-23 00:00:00.000;159;JLP;4;0;836
2018-12-23 00:00:00.000;499;JLP;3;0;837
2018-12-23 00:00:00.000;254;JLP;3;0;838
2018-12-23 00:00:00.000;196;JLP;1;0;839
2018-12-23 00:00:00.000;119;JLP;3;0;840
2018-12-23 00:00:00.000;592;JLP;4;0;841
2018-12-23 00:00:00.000;395;JLP;3;0;842
2018-12-23 00:00:00.000;140;JLP;1;0;843
2018-12-23 00:00:00.000;555;JLP;1;0;844
2018-12-23 00:00:00.000;415;JLP;1;0;845
2018-12-23 00:00:00.000;155;JLP;1;0;846
2018-12-23 00:00:00.000;421;JLP;1;0;847
2018-12-23 00:00:00.000;466;JLP;4;0;848
2018-12-23 00:00:00.000;136;JLP;3;0;849
2018-12-23 00:00:00.000;277;JLP;4;0;850
2018-12-23 00:00:00.000;533;JLP;1;0;851
2018-12-23 00:00:00.000;584;JLP;4;0;852
2018-12-23 00:00:00.000;123;JLP;3;0;853
2018-12-23 00:00:00.000;541;JLP;4;0;854
2018-12-23 00:00:00.000;332;JLP;##;0;855
2018-12-23 00:00:00.000;509;JLP;1;0;856
2018-12-23 00:00:00.000;320;JLP;4;0;857
2018-12-23 00:00:00.000;519;JLP;3;0;858
2018-12-23 00:00:00.000;373;JLP;3;0;859
2018-12-23 00:00:00.000;228;JLP;1;0;860
2018-12-23 00:00:00.000;336;JLP;1;0;861
2018-12-23 00:00:00.000;270;JLP;##;0;862
2018-12-23 00:00:00.000;391;JLP;4;0;863
2018-12-23 00:00:00.000;233;JLP;1;0;864
2018-12-23 00:00:00.000;498;JLP;4;0;865
2018-12-23 00:00:00.000;384;JLP;1;0;866
2018-12-23 00:00:00.000;430;JLP;1;0;867
2018-12-23 00:00:00.000;460;JLP;4;0;868
2018-12-23 00:00:00.000;394;JLP;4;0;869
2018-12-23 00:00:00.000;604;JLP;1;0;870
2018-12-23 00:00:00.000;174;JLP;4;0;871
2018-12-23 00:00:00.000;532;JLP;1;0;872
2018-12-23 00:00:00.000;347;JLP;1;0;873
2018-12-23 00:00:00.000;539;JLP;4;0;874
2018-12-23 00:00:00.000;163;JLP;4;0;875
2018-12-23 00:00:00.000;172;JLP;1;0;876
2018-12-23 00:00:00.000;168;JLP;1;0;877
2018-12-23 00:00:00.000;436;JLP;1;0;878
2018-12-23 00:00:00.000;459;JLP;1;0;879
2018-12-23 00:00:00.000;274;JLP;4;0;880
2018-12-23 00:00:00.000;300;JLP;4;0;881
2018-12-23 00:00:00.000;400;JLP;3;0;882
2018-12-23 00:00:00.000;174;JLP;4;0;883
2018-12-23 00:00:00.000;590;JLP;1;0;884
2018-12-24 00:00:00.000;482;JLP;1;0;885
2018-12-24 00:00:00.000;565;JLP;1;0;886
2018-12-24 00:00:00.000;600;JLP;1;0;887
2018-12-24 00:00:00.000;390;JLP;3;0;888
2018-12-24 00:00:00.000;470;JLP;3;0;889
2018-12-24 00:00:00.000;249;JLP;1;0;890
2018-12-24 00:00:00.000;339;JLP;4;0;891
2018-12-24 00:00:00.000;219;JLP;3;0;892
2018-12-24 00:00:00.000;313;JLP;1;0;893
2018-12-24 00:00:00.000;319;JLP;3;0;894
2018-12-24 00:00:00.000;518;JLP;1;0;895
2018-12-24 00:00:00.000;305;JLP;4;0;896
2018-12-24 00:00:00.000;472;JLP;4;0;897
2018-12-24 00:00:00.000;248;JLP;1;0;898
2018-12-24 00:00:00.000;443;JLP;1;0;899
2018-12-24 00:00:00.000;188;JLP;1;0;900
2018-12-24 00:00:00.000;582;JLP;1;0;901
2018-12-24 00:00:00.000;165;JLP;4;0;902
2018-12-24 00:00:00.000;187;JLP;1;0;903
2018-12-24 00:00:00.000;487;JLP;1;0;904
2018-12-24 00:00:00.000;437;JLP;4;0;905
2018-12-24 00:00:00.000;290;JLP;1;0;906
2018-12-24 00:00:00.000;254;JLP;3;0;907
2018-12-24 00:00:00.000;151;JLP;4;0;908
2018-12-24 00:00:00.000;375;JLP;4;0;909
2018-12-24 00:00:00.000;223;JLP;3;0;910
2018-12-24 00:00:00.000;350;JLP;4;0;911
2018-12-24 00:00:00.000;192;JLP;4;0;912
2018-12-24 00:00:00.000;255;JLP;1;0;913
2018-12-24 00:00:00.000;498;JLP;1;0;914
2018-12-24 00:00:00.000;119;JLP;3;0;915
2018-12-24 00:00:00.000;130;JLP;4;0;916
2018-12-24 00:00:00.000;410;JLP;1;0;917
2018-12-24 00:00:00.000;306;JLP;4;0;918
2018-12-24 00:00:00.000;528;JLP;1;0;919
2018-12-24 00:00:00.000;204;JLP;4;0;920
2018-12-24 00:00:00.000;133;JLP;4;0;921
2018-12-24 00:00:00.000;284;JLP;1;0;922
2018-12-24 00:00:00.000;130;JLP;1;0;923
2018-12-24 00:00:00.000;457;JLP;4;123,9;924
2018-12-24 00:00:00.000;248;JLP;4;0;925
2018-12-24 00:00:00.000;217;JLP;4;0;926
2018-12-24 00:00:00.000;324;JLP;4;0;927
2018-12-24 00:00:00.000;328;JLP;1;0;928
2018-12-24 00:00:00.000;372;JLP;1;0;929
2018-12-24 00:00:00.000;281;JLP;4;0;930
2018-12-24 00:00:00.000;390;JLP;4;0;931
2018-12-24 00:00:00.000;246;JLP;4;0;932
2018-12-24 00:00:00.000;612;JLP;4;0;933
2018-12-24 00:00:00.000;281;JLP;1;0;934
2018-12-24 00:00:00.000;111;JLP;1;0;935
2018-12-24 00:00:00.000;335;JLP;4;0;936
2018-12-24 00:00:00.000;587;JLP;4;0;937
2018-12-24 00:00:00.000;321;JLP;1;0;938
2018-12-24 00:00:00.000;268;JLP;1;0;939
2018-12-24 00:00:00.000;385;JLP;4;0;940
2018-12-24 00:00:00.000;471;JLP;4;0;941
2018-12-24 00:00:00.000;239;JLP;##;0;942
2018-12-24 00:00:00.000;414;JLP;4;0;943
2018-12-24 00:00:00.000;161;JLP;4;0;944
2018-12-24 00:00:00.000;136;JLP;1;0;945
2018-12-24 00:00:00.000;448;JLP;1;0;946
2018-12-24 00:00:00.000;542;JLP;4;0;947
2018-12-24 00:00:00.000;156;JLP;1;0;948
2018-12-24 00:00:00.000;501;JLP;4;0;949
2018-12-24 00:00:00.000;138;JLP;4;0;950
2018-12-24 00:00:00.000;513;JLP;4;0;951
2018-12-24 00:00:00.000;147;JLP;4;0;952
2018-12-24 00:00:00.000;538;JLP;1;0;953
2018-12-24 00:00:00.000;414;JLP;4;0;954
2018-12-24 00:00:00.000;196;JLP;1;0;955
2018-12-24 00:00:00.000;371;JLP;4;0;956
2018-12-24 00:00:00.000;335;JLP;4;0;957
2018-12-24 00:00:00.000;275;JLP;4;0;958
2018-12-24 00:00:00.000;215;JLP;1;0;959
2018-12-24 00:00:00.000;197;JLP;4;0;960
2018-12-24 00:00:00.000;536;JLP;1;0;961
2018-12-24 00:00:00.000;567;JLP;4;0;962
2018-12-24 00:00:00.000;343;JLP;4;0;963
2018-12-24 00:00:00.000;462;JLP;1;0;964
2018-12-24 00:00:00.000;142;JLP;1;0;965
2018-12-24 00:00:00.000;302;JLP;1;0;966
2018-12-24 00:00:00.000;166;JLP;4;0;967
2018-12-24 00:00:00.000;239;JLP;1;0;968
2018-12-24 00:00:00.000;151;JLP;4;0;969
2018-12-24 00:00:00.000;379;JLP;4;0;970
2018-12-24 00:00:00.000;374;JLP;4;0;971
2018-12-24 00:00:00.000;233;JLP;4;0;972
2018-12-24 00:00:00.000;340;JLP;1;0;973
2018-12-24 00:00:00.000;446;JLP;4;0;974
2018-12-24 00:00:00.000;591;JLP;1;0;975
2018-12-24 00:00:00.000;386;JLP;1;0;976
2018-12-24 00:00:00.000;225;JLP;4;0;977
2018-12-24 00:00:00.000;369;JLP;1;0;978
2018-12-24 00:00:00.000;592;JLP;4;0;979
2018-12-24 00:00:00.000;382;JLP;1;0;980
2018-12-24 00:00:00.000;128;JLP;4;0;981
2018-12-24 00:00:00.000;289;JLP;4;0;982
2018-12-24 00:00:00.000;280;JLP;4;0;983
2018-12-24 00:00:00.000;513;JLP;4;0;984
2018-12-24 00:00:00.000;262;JLP;4;0;985
2018-12-24 00:00:00.000;342;JLP;1;0;986
2018-12-24 00:00:00.000;506;JLP;4;0;987
2018-12-24 00:00:00.000;380;JLP;3;0;988
2018-12-24 00:00:00.000;560;JLP;4;0;989
2018-12-24 00:00:00.000;134;JLP;4;0;990
2018-12-24 00:00:00.000;341;JLP;1;0;991
2018-12-24 00:00:00.000;481;JLP;3;0;992
2018-12-24 00:00:00.000;487;JLP;1;0;993
2018-12-24 00:00:00.000;591;JLP;1;0;994
2018-12-24 00:00:00.000;482;JLP;1;0;995
2018-12-24 00:00:00.000;531;JLP;1;0;996
2018-12-24 00:00:00.000;568;JLP;3;0;997
2018-12-24 00:00:00.000;166;JLP;1;0;998
2018-12-24 00:00:00.000;416;JLP;3;0;999
2018-12-24 00:00:00.000;122;JLP;1;0;1000
2018-12-24 00:00:00.000;443;JLP;1;0;1001
2018-12-24 00:00:00.000;297;JLP;4;0;1002
2018-12-24 00:00:00.000;118;JLP;1;0;1003
2018-12-24 00:00:00.000;401;JLP;4;0;1004
2018-12-24 00:00:00.000;176;JLP;1;0;1005
2018-12-24 00:00:00.000;296;JLP;##;0;1006
2018-12-24 00:00:00.000;582;JLP;1;0;1007
2018-12-24 00:00:00.000;525;JLP;1;0;1008
2018-12-24 00:00:00.000;133;JLP;3;0;1009
2018-12-24 00:00:00.000;189;JLP;1;0;1010
2018-12-24 00:00:00.000;233;JLP;1;0;1011
2018-12-24 00:00:00.000;588;JLP;##;0;1012
2018-12-24 00:00:00.000;414;JLP;1;0;1013
2018-12-24 00:00:00.000;232;JLP;1;46,9;1014
2018-12-24 00:00:00.000;200;JLP;1;0;1015
2018-12-24 00:00:00.000;227;JLP;##;58,9;1016
2018-12-24 00:00:00.000;476;JLP;##;0;1017
2018-12-24 00:00:00.000;170;JLP;3;0;1018
2018-12-24 00:00:00.000;397;JLP;4;0;1019
2018-12-24 00:00:00.000;543;JLP;1;0;1020
2018-12-24 00:00:00.000;275;JLP;##;0;1021
2018-12-24 00:00:00.000;470;JLP;1;0;1022
2018-12-24 00:00:00.000;433;JLP;1;30,9;1023
2018-12-24 00:00:00.000;172;JLP;3;0;1024
2018-12-24 00:00:00.000;567;JLP;3;0;1025
2018-12-24 00:00:00.000;220;JLP;1;0;1026
2018-12-24 00:00:00.000;611;JLP;1;0;1027
2018-12-24 00:00:00.000;274;JLP;1;0;1028
2018-12-24 00:00:00.000;612;JLP;3;0;1029
2018-12-24 00:00:00.000;249;JLP;4;0;1030
2018-12-24 00:00:00.000;546;JLP;1;0;1031
2018-12-24 00:00:00.000;524;JLP;4;0;1032
2018-12-24 00:00:00.000;393;JLP;1;0;1033
2018-12-24 00:00:00.000;258;JLP;1;0;1034
2018-12-24 00:00:00.000;245;JLP;1;0;1035
2018-12-24 00:00:00.000;209;JLP;##;0;1036
2018-12-24 00:00:00.000;541;JLP;1;0;1037
2018-12-24 00:00:00.000;462;JLP;4;0;1038
2018-12-24 00:00:00.000;529;JLP;1;0;1039
2018-12-24 00:00:00.000;542;JLP;4;0;1040
2018-12-24 00:00:00.000;596;JLP;4;0;1041
2018-12-24 00:00:00.000;229;JLP;1;0;1042
2018-12-24 00:00:00.000;360;JLP;4;0;1043
2018-12-24 00:00:00.000;469;JLP;1;0;1044
2018-12-24 00:00:00.000;516;JLP;1;0;1045
2018-12-24 00:00:00.000;422;JLP;4;0;1046
2018-12-24 00:00:00.000;589;JLP;4;0;1047
2018-12-24 00:00:00.000;290;JLP;3;0;1048
2018-12-24 00:00:00.000;231;JLP;4;0;1049
2018-12-24 00:00:00.000;292;JLP;##;0;1050
2018-12-24 00:00:00.000;144;JLP;3;0;1051
2018-12-24 00:00:00.000;119;JLP;4;0;1052
2018-12-24 00:00:00.000;385;JLP;4;0;1053
2018-12-24 00:00:00.000;470;JLP;3;0;1054
2018-12-24 00:00:00.000;178;JLP;4;0;1055
2018-12-24 00:00:00.000;457;JLP;3;0;1056
2018-12-24 00:00:00.000;345;JLP;1;0;1057
2018-12-24 00:00:00.000;330;JLP;4;0;1058
2018-12-24 00:00:00.000;379;JLP;4;0;1059
2018-12-24 00:00:00.000;432;JLP;4;0;1060
2018-12-24 00:00:00.000;344;JLP;3;0;1061
2018-12-24 00:00:00.000;299;JLP;##;0;1062
2018-12-25 00:00:00.000;6000;JLP;px;50;1063
2018-12-26 00:00:00.000;575;JLP;1;0;1064
2018-12-26 00:00:00.000;259;JLP;1;0;1065
2018-12-26 00:00:00.000;448;JLP;1;0;1066
2018-12-26 00:00:00.000;388;JLP;1;0;1067
2018-12-26 00:00:00.000;230;JLP;1;0;1068
2018-12-26 00:00:00.000;378;JLP;4;0;1069
2018-12-26 00:00:00.000;346;JLP;1;0;1070
2018-12-26 00:00:00.000;266;JLP;4;0;1071
2018-12-26 00:00:00.000;187;JLP;4;0;1072
2018-12-26 00:00:00.000;451;JLP;1;0;1073
2018-12-26 00:00:00.000;439;JLP;4;0;1074
2018-12-26 00:00:00.000;361;JLP;3;0;1075
2018-12-26 00:00:00.000;539;JLP;1;0;1076
2018-12-26 00:00:00.000;545;JLP;1;0;1077
2018-12-26 00:00:00.000;336;JLP;1;0;1078
2018-12-26 00:00:00.000;192;JLP;3;0;1079
2018-12-26 00:00:00.000;234;JLP;1;0;1080
2018-12-26 00:00:00.000;223;JLP;3;0;1081
2018-12-26 00:00:00.000;144;JLP;4;0;1082
2018-12-26 00:00:00.000;250;JLP;4;0;1083
2018-12-26 00:00:00.000;530;JLP;4;0;1084
2018-12-26 00:00:00.000;126;JLP;1;0;1085
2018-12-26 00:00:00.000;591;JLP;##;0;1086
2018-12-26 00:00:00.000;295;JLP;3;0;1087
2018-12-26 00:00:00.000;560;JLP;1;0;1088
2018-12-26 00:00:00.000;466;JLP;1;0;1089
2018-12-26 00:00:00.000;513;JLP;3;0;1090
2018-12-26 00:00:00.000;124;JLP;##;0;1091
2018-12-26 00:00:00.000;454;JLP;1;0;1092
2018-12-26 00:00:00.000;225;JLP;1;0;1093
2018-12-26 00:00:00.000;488;JLP;##;0;1094
2018-12-26 00:00:00.000;383;JLP;1;0;1095
2018-12-26 00:00:00.000;139;JLP;1;0;1096
2018-12-26 00:00:00.000;565;JLP;4;0;1097
2018-12-26 00:00:00.000;275;JLP;1;0;1098
2018-12-26 00:00:00.000;341;JLP;3;0;1099
2018-12-26 00:00:00.000;395;JLP;1;0;1100
2018-12-26 00:00:00.000;456;JLP;1;0;1101
2018-12-26 00:00:00.000;191;JLP;1;0;1102
2018-12-26 00:00:00.000;536;JLP;1;0;1103
2018-12-26 00:00:00.000;563;JLP;1;0;1104
2018-12-26 00:00:00.000;210;JLP;4;0;1105
2018-12-26 00:00:00.000;578;JLP;1;0;1106
2018-12-26 00:00:00.000;130;JLP;4;0;1107
2018-12-26 00:00:00.000;511;JLP;3;0;1108
2018-12-26 00:00:00.000;329;JLP;1;0;1109
2018-12-26 00:00:00.000;380;JLP;1;0;1110
2018-12-26 00:00:00.000;260;JLP;1;0;1111
2018-12-26 00:00:00.000;294;JLP;1;0;1112
2018-12-26 00:00:00.000;459;JLP;3;0;1113
2018-12-26 00:00:00.000;486;JLP;4;0;1114
2018-12-26 00:00:00.000;434;JLP;4;0;1115
2018-12-26 00:00:00.000;385;JLP;4;0;1116
2018-12-26 00:00:00.000;560;JLP;3;0;1117
2018-12-26 00:00:00.000;379;JLP;3;0;1118
2018-12-26 00:00:00.000;415;JLP;1;0;1119
2018-12-26 00:00:00.000;177;JLP;4;0;1120
2018-12-26 00:00:00.000;471;JLP;1;0;1121
2018-12-26 00:00:00.000;581;JLP;##;0;1122
2018-12-26 00:00:00.000;201;JLP;3;0;1123
2018-12-26 00:00:00.000;243;JLP;1;0;1124
2018-12-26 00:00:00.000;588;JLP;1;0;1125
2018-12-26 00:00:00.000;123;JLP;1;0;1126
2018-12-26 00:00:00.000;455;JLP;1;0;1127
2018-12-26 00:00:00.000;249;JLP;3;0;1128
2018-12-26 00:00:00.000;269;JLP;1;0;1129
2018-12-26 00:00:00.000;598;JLP;4;0;1130
2018-12-26 00:00:00.000;378;JLP;1;0;1131
2018-12-26 00:00:00.000;415;JLP;1;0;1132
2018-12-26 00:00:00.000;392;JLP;3;0;1133
2018-12-26 00:00:00.000;217;JLP;1;0;1134
2018-12-26 00:00:00.000;223;JLP;3;0;1135
2018-12-26 00:00:00.000;386;JLP;1;0;1136
2018-12-26 00:00:00.000;221;JLP;3;0;1137
2018-12-26 00:00:00.000;370;JLP;4;0;1138
2018-12-26 00:00:00.000;231;JLP;1;0;1139
2018-12-26 00:00:00.000;333;JLP;4;0;1140
2018-12-26 00:00:00.000;576;JLP;4;0;1141
2018-12-26 00:00:00.000;607;VRL ;4;0;1142
2018-12-26 00:00:00.000;150;JLP;1;0;1143
2018-12-26 00:00:00.000;358;VRL ;4;0;1144
2018-12-26 00:00:00.000;490;JLP;1;0;1145
2018-12-26 00:00:00.000;443;JLP;1;0;1146
2018-12-26 00:00:00.000;534;VRL ;4;0;1147
2018-12-26 00:00:00.000;283;JLP;3;0;1148
2018-12-26 00:00:00.000;202;VRL ;4;0;1149
2018-12-26 00:00:00.000;591;VRL ;4;0;1150
2018-12-26 00:00:00.000;214;VRL ;4;0;1151
2018-12-26 00:00:00.000;147;VRL ;3;0;1152
2018-12-26 00:00:00.000;442;VRL ;3;0;1153
2018-12-26 00:00:00.000;551;VRL ;3;0;1154
2018-12-26 00:00:00.000;602;VRL ;3;0;1155
2018-12-26 00:00:00.000;508;JLP;1;0;1156
2018-12-26 00:00:00.000;206;VRL ;3;0;1157
2018-12-26 00:00:00.000;190;JLP;##;0;1158
2018-12-26 00:00:00.000;317;JLP;1;0;1159
2018-12-26 00:00:00.000;175;JLP;1;0;1160
2018-12-26 00:00:00.000;340;JLP;1;0;1161
2018-12-26 00:00:00.000;438;JLP;3;0;1162
2018-12-26 00:00:00.000;150;JLP;3;0;1163
2018-12-26 00:00:00.000;131;JLP;4;0;1164
2018-12-26 00:00:00.000;113;JLP;4;0;1165
2018-12-26 00:00:00.000;525;JLP;3;0;1166
2018-12-26 00:00:00.000;147;JLP;1;0;1167
2018-12-26 00:00:00.000;590;VRL ;3;0;1168
2018-12-26 00:00:00.000;586;VRL ;3;0;1169
2018-12-26 00:00:00.000;516;VRL ;3;0;1170
2018-12-26 00:00:00.000;258;VRL ;3;0;1171
2018-12-26 00:00:00.000;470;VRL ;3;0;1172
2018-12-26 00:00:00.000;138;VRL ;3;0;1173
2018-12-26 00:00:00.000;479;VRL ;##;0;1174
2018-12-26 00:00:00.000;463;JLP;3;0;1175
2018-12-26 00:00:00.000;328;VRL ;4;0;1176
2018-12-26 00:00:00.000;505;VRL ;4;0;1177
2018-12-26 00:00:00.000;203;VRL ;4;0;1178
2018-12-26 00:00:00.000;275;VRL ;4;0;1179
2018-12-26 00:00:00.000;245;JLP;4;0;1180
2018-12-26 00:00:00.000;256;VRL ;4;0;1181
2018-12-26 00:00:00.000;373;VRL ;4;0;1182
2018-12-26 00:00:00.000;203;VRL ;4;0;1183
2018-12-26 00:00:00.000;369;VRL ;4;0;1184
2018-12-26 00:00:00.000;297;VRL ;4;0;1185
2018-12-26 00:00:00.000;239;VRL ;1;0;1186
2018-12-26 00:00:00.000;550;VRL ;1;0;1187
2018-12-26 00:00:00.000;519;VRL ;1;0;1188
2018-12-26 00:00:00.000;316;VRL ;1;0;1189
2018-12-26 00:00:00.000;294;VRL ;1;0;1190
2018-12-26 00:00:00.000;353;VRL ;1;0;1191
2018-12-26 00:00:00.000;530;VRL ;1;0;1192
2018-12-26 00:00:00.000;185;VRL ;1;0;1193
2018-12-26 00:00:00.000;130;VRL ;1;0;1194
2018-12-26 00:00:00.000;254;JLP;4;0;1195
2018-12-26 00:00:00.000;140;JLP;4;0;1196
2018-12-26 00:00:00.000;114;JLP;1;90,8;1197
2018-12-26 00:00:00.000;168;JLP;3;0;1198
2018-12-26 00:00:00.000;488;VRL ;1;0;1199
2018-12-26 00:00:00.000;467;VRL ;1;0;1200
2018-12-26 00:00:00.000;600;JLP;3;0;1201
2018-12-26 00:00:00.000;179;VRL ;1;0;1202
2018-12-26 00:00:00.000;369;JLP;1;0;1203
2018-12-26 00:00:00.000;585;JLP;4;0;1204
2018-12-26 00:00:00.000;289;JLP;4;0;1205
2018-12-26 00:00:00.000;139;JLP;4;0;1206
2018-12-26 00:00:00.000;161;JLP;3;0;1207
2018-12-26 00:00:00.000;308;JLP;4;0;1208
2018-12-26 00:00:00.000;170;JLP;4;0;1209
2018-12-26 00:00:00.000;568;JLP;3;0;1210
2018-12-27 00:00:00.000;313;VNS;4;0;1211
2018-12-27 00:00:00.000;523;VNS;4;0;1212
2018-12-27 00:00:00.000;408;VNS;4;0;1213
2018-12-27 00:00:00.000;129;VNS;3;0;1214
2018-12-27 00:00:00.000;444;VNS;3;0;1215
2018-12-27 00:00:00.000;439;VNS;3;0;1216
2018-12-27 00:00:00.000;568;VNS;3;0;1217
2018-12-27 00:00:00.000;269;VNS;3;0;1218
2018-12-27 00:00:00.000;288;VNS;3;0;1219
2018-12-27 00:00:00.000;541;VNS;4;0;1220
2018-12-27 00:00:00.000;495;VNS;4;0;1221
2018-12-27 00:00:00.000;458;JLP;1;0;1222
2018-12-27 00:00:00.000;128;JLP;4;0;1223
2018-12-27 00:00:00.000;374;JLP;4;0;1224
2018-12-27 00:00:00.000;133;JLP;4;0;1225
2018-12-27 00:00:00.000;470;JLP;3;0;1226
2018-12-27 00:00:00.000;269;JLP;3;0;1227
2018-12-27 00:00:00.000;207;JLP;4;0;1228
2018-12-27 00:00:00.000;590;JLP;1;0;1229
2018-12-27 00:00:00.000;501;VNS;3;0;1230
2018-12-27 00:00:00.000;122;VNS;3;0;1231
2018-12-27 00:00:00.000;476;VNS;3;0;1232
2018-12-27 00:00:00.000;135;VNS;3;0;1233
2018-12-27 00:00:00.000;411;VNS;4;0;1234
2018-12-27 00:00:00.000;586;VNS;4;0;1235
2018-12-27 00:00:00.000;145;VNS;4;0;1236
2018-12-27 00:00:00.000;525;VNS;4;0;1237
2018-12-27 00:00:00.000;511;VNS;4;0;1238
2018-12-27 00:00:00.000;602;VNS;4;0;1239
2018-12-27 00:00:00.000;231;VNS;4;0;1240
2018-12-27 00:00:00.000;215;VNS;4;0;1241
2018-12-27 00:00:00.000;592;JLP;1;0;1242
2018-12-27 00:00:00.000;211;VNS;1;0;1243
2018-12-27 00:00:00.000;220;JLP;4;0;1244
2018-12-27 00:00:00.000;231;VNS;1;0;1245
2018-12-27 00:00:00.000;243;VNS;1;0;1246
2018-12-27 00:00:00.000;564;VNS;1;0;1247
2018-12-27 00:00:00.000;528;VNS;1;0;1248
2018-12-27 00:00:00.000;339;VNS;1;0;1249
2018-12-27 00:00:00.000;543;VNS;1;0;1250
2018-12-27 00:00:00.000;387;VNS;1;0;1251
2018-12-27 00:00:00.000;120;VNS;1;0;1252
2018-12-27 00:00:00.000;349;VNS;1;0;1253
2018-12-27 00:00:00.000;539;VNS;1;0;1254
2018-12-27 00:00:00.000;419;VNS;1;0;1255
2018-12-27 00:00:00.000;551;VNS;1;0;1256
2018-12-27 00:00:00.000;317;VNS;1;0;1257
2018-12-27 00:00:00.000;379;VNS;1;0;1258
2018-12-27 00:00:00.000;185;VNS;1;0;1259
2018-12-27 00:00:00.000;157;VNS;1;0;1260
2018-12-27 00:00:00.000;341;VNS;1;0;1261
2018-12-27 00:00:00.000;238;JLP;1;0;1262
2018-12-27 00:00:00.000;461;JLP;4;0;1263
2018-12-27 00:00:00.000;224;JLP;1;0;1264
2018-12-27 00:00:00.000;565;VNS;1;57,7;1265
2018-12-27 00:00:00.000;312;JLP;4;0;1266
2018-12-27 00:00:00.000;239;JLP;4;0;1267
2018-12-27 00:00:00.000;588;JLP;4;0;1268
2018-12-27 00:00:00.000;231;JLP;4;0;1269
2018-12-27 00:00:00.000;117;JLP;1;0;1270
2018-12-27 00:00:00.000;538;JLP;4;0;1271
2018-12-27 00:00:00.000;570;JLP;4;0;1272
2018-12-27 00:00:00.000;131;JLP;1;0;1273
2018-12-27 00:00:00.000;560;VNS;1;0;1274
2018-12-27 00:00:00.000;214;JLP;1;0;1275
2018-12-27 00:00:00.000;501;JLP;4;0;1276
2018-12-27 00:00:00.000;166;JLP;##;0;1277
2018-12-27 00:00:00.000;554;JLP;4;0;1278
2018-12-27 00:00:00.000;361;JLP;##;0;1279
2018-12-27 00:00:00.000;193;JLP;1;0;1280
2018-12-27 00:00:00.000;482;VRL ;4;0;1281
2018-12-27 00:00:00.000;530;VRL ;4;0;1282
2018-12-27 00:00:00.000;496;VRL ;4;0;1283
2018-12-27 00:00:00.000;439;VRL ;4;0;1284
2018-12-27 00:00:00.000;436;VRL ;4;0;1285
2018-12-27 00:00:00.000;172;VRL ;4;0;1286
2018-12-27 00:00:00.000;145;VRL ;4;0;1287
2018-12-27 00:00:00.000;378;VRL ;4;0;1288
2018-12-27 00:00:00.000;498;VRL ;4;0;1289
2018-12-27 00:00:00.000;513;JLP;3;0;1290
2018-12-27 00:00:00.000;594;VRL ;4;0;1291
2018-12-27 00:00:00.000;210;VRL ;3;0;1292
2018-12-27 00:00:00.000;145;VRL ;3;0;1293
2018-12-27 00:00:00.000;448;VRL ;3;0;1294
2018-12-27 00:00:00.000;591;JLP;1;0;1295
2018-12-27 00:00:00.000;151;VRL ;4;0;1296
2018-12-27 00:00:00.000;271;JLP;4;0;1297
2018-12-27 00:00:00.000;499;JLP;1;0;1298
2018-12-27 00:00:00.000;425;JLP;4;0;1299
2018-12-27 00:00:00.000;135;VRL ;3;0;1300
2018-12-27 00:00:00.000;447;VRL ;3;0;1301
2018-12-27 00:00:00.000;531;VRL ;3;0;1302
2018-12-27 00:00:00.000;610;VRL ;3;0;1303
2018-12-27 00:00:00.000;185;VRL ;4;0;1304
2018-12-27 00:00:00.000;483;VRL ;3;0;1305
2018-12-27 00:00:00.000;515;VRL ;3;59,8;1306
2018-12-27 00:00:00.000;171;JLP;4;0;1307
2018-12-27 00:00:00.000;540;JLP;1;0;1308
2018-12-27 00:00:00.000;601;JLP;3;0;1309
2018-12-27 00:00:00.000;361;VRL ;3;0;1310
2018-12-27 00:00:00.000;469;VRL ;4;0;1311
2018-12-27 00:00:00.000;526;JLP;3;0;1312
2018-12-27 00:00:00.000;520;VRL ;4;0;1313
2018-12-27 00:00:00.000;139;VRL ;4;0;1314
2018-12-27 00:00:00.000;438;VRL ;4;0;1315
2018-12-27 00:00:00.000;487;VRL ;4;0;1316
2018-12-27 00:00:00.000;254;VRL ;3;0;1317
2018-12-27 00:00:00.000;586;VRL ;4;0;1318
2018-12-27 00:00:00.000;422;VRL ;3;0;1319
2018-12-27 00:00:00.000;189;VRL ;1;0;1320
2018-12-27 00:00:00.000;279;JLP;4;0;1321
2018-12-27 00:00:00.000;447;VRL ;##;0;1322
2018-12-27 00:00:00.000;161;VRL ;3;0;1323
2018-12-27 00:00:00.000;302;VRL ;3;0;1324
2018-12-27 00:00:00.000;545;VRL ;4;0;1325
2018-12-27 00:00:00.000;330;VRL ;4;0;1326
2018-12-27 00:00:00.000;376;VRL ;3;0;1327
2018-12-27 00:00:00.000;238;VRL ;3;0;1328
2018-12-27 00:00:00.000;240;JLP;1;0;1329
2018-12-27 00:00:00.000;548;JLP;4;0;1330
2018-12-27 00:00:00.000;197;JLP;1;0;1331
2018-12-27 00:00:00.000;528;VRL ;1;0;1332
2018-12-27 00:00:00.000;405;JLP;1;0;1333
2018-12-27 00:00:00.000;193;VRL ;1;0;1334
2018-12-27 00:00:00.000;121;VRL ;1;0;1335
2018-12-27 00:00:00.000;121;VRL ;1;0;1336
2018-12-27 00:00:00.000;442;JLP;4;0;1337
2018-12-27 00:00:00.000;366;VRL ;1;0;1338
2018-12-27 00:00:00.000;443;VRL ;1;0;1339
2018-12-27 00:00:00.000;499;JLP;4;0;1340
2018-12-27 00:00:00.000;439;JLP;1;108,4;1341
2018-12-27 00:00:00.000;226;VRL ;1;0;1342
2018-12-27 00:00:00.000;603;VRL ;1;0;1343
2018-12-27 00:00:00.000;286;VRL ;1;0;1344
2018-12-27 00:00:00.000;369;JLP;1;0;1345
2018-12-27 00:00:00.000;404;JLP;1;0;1346
2018-12-27 00:00:00.000;154;JLP;4;0;1347
2018-12-27 00:00:00.000;562;JLP;3;0;1348
2018-12-27 00:00:00.000;295;JLP;##;0;1349
2018-12-27 00:00:00.000;323;JLP;3;0;1350
2018-12-27 00:00:00.000;489;VRL ;##;0;1351
2018-12-27 00:00:00.000;282;VRL ;1;0;1352
2018-12-27 00:00:00.000;182;VRL ;1;0;1353
2018-12-27 00:00:00.000;239;VRL ;1;0;1354
2018-12-27 00:00:00.000;526;VRL ;##;0;1355
2018-12-27 00:00:00.000;599;VRL ;1;0;1356
2018-12-27 00:00:00.000;353;VRL ;1;0;1357
2018-12-27 00:00:00.000;314;VRL ;1;0;1358
2018-12-27 00:00:00.000;504;VRL ;1;0;1359
2018-12-27 00:00:00.000;521;VRL ;1;0;1360
2018-12-27 00:00:00.000;585;JLP;1;0;1361
2018-12-27 00:00:00.000;340;JLP;1;0;1362
2018-12-27 00:00:00.000;391;JLP;4;0;1363
2018-12-27 00:00:00.000;592;JLP;1;41,9;1364
2018-12-27 00:00:00.000;244;JLP;1;0;1365
2018-12-27 00:00:00.000;205;JLP;4;0;1366
2018-12-27 00:00:00.000;342;JLP;3;0;1367
2018-12-27 00:00:00.000;413;JLP;4;0;1368
2018-12-27 00:00:00.000;442;JLP;4;0;1369
2018-12-27 00:00:00.000;186;JLP;1;0;1370
2018-12-27 00:00:00.000;472;JLP;3;0;1371
2018-12-27 00:00:00.000;582;JLP;1;0;1372
2018-12-27 00:00:00.000;600;JLP;3;0;1373
2018-12-27 00:00:00.000;198;JLP;1;0;1374
2018-12-27 00:00:00.000;154;JLP;##;0;1375
2018-12-27 00:00:00.000;142;JLP;3;0;1376
2018-12-27 00:00:00.000;251;JLP;4;0;1377
2018-12-27 00:00:00.000;552;JLP;1;0;1378
2018-12-27 00:00:00.000;111;JLP;1;0;1379
2018-12-27 00:00:00.000;534;JLP;1;0;1380
2018-12-27 00:00:00.000;311;JLP;1;0;1381
2018-12-27 00:00:00.000;607;JLP;3;0;1382
2018-12-27 00:00:00.000;190;JLP;4;0;1383
2018-12-27 00:00:00.000;411;JLP;4;0;1384
2018-12-27 00:00:00.000;306;JLP;4;0;1385
2018-12-27 00:00:00.000;496;JLP;3;0;1386
2018-12-27 00:00:00.000;400;JLP;1;0;1387
2018-12-27 00:00:00.000;361;JLP;1;0;1388
2018-12-27 00:00:00.000;173;JLP;4;0;1389
2018-12-27 00:00:00.000;231;JLP;1;0;1390
2018-12-27 00:00:00.000;409;JLP;1;0;1391
2018-12-27 00:00:00.000;560;JLP;1;0;1392
2018-12-27 00:00:00.000;135;JLP;4;0;1393
2018-12-28 00:00:00.000;411;JLP;1;0;1394
2018-12-28 00:00:00.000;414;JLP;3;0;1395
2018-12-28 00:00:00.000;156;JLP;4;0;1396
2018-12-28 00:00:00.000;484;JLP;4;0;1397
2018-12-28 00:00:00.000;405;JLP;1;0;1398
2018-12-28 00:00:00.000;122;JLP;4;0;1399
2018-12-28 00:00:00.000;369;JLP;3;0;1400
2018-12-28 00:00:00.000;587;JLP;4;0;1401
2018-12-28 00:00:00.000;256;JLP;1;0;1402
2018-12-28 00:00:00.000;572;JLP;1;0;1403
2018-12-28 00:00:00.000;229;JLP;3;0;1404
2018-12-28 00:00:00.000;271;VRL ;1;0;1405
2018-12-28 00:00:00.000;557;VRL ;1;0;1406
2018-12-28 00:00:00.000;341;VRL ;1;0;1407
2018-12-28 00:00:00.000;424;VRL ;1;0;1408
2018-12-28 00:00:00.000;512;VRL ;1;0;1409
2018-12-28 00:00:00.000;571;VRL ;1;0;1410
2018-12-28 00:00:00.000;602;VRL ;1;0;1411
2018-12-28 00:00:00.000;438;VRL ;1;0;1412
2018-12-28 00:00:00.000;250;JLP;3;0;1413
2018-12-28 00:00:00.000;233;JLP;3;0;1414
2018-12-28 00:00:00.000;367;JLP;3;0;1415
2018-12-28 00:00:00.000;277;JLP;3;0;1416
2018-12-28 00:00:00.000;395;JLP;1;0;1417
2018-12-28 00:00:00.000;466;JLP;4;0;1418
2018-12-28 00:00:00.000;167;VRL ;1;0;1419
2018-12-28 00:00:00.000;599;VRL ;1;0;1420
2018-12-28 00:00:00.000;489;JLP;4;0;1421
2018-12-28 00:00:00.000;570;JLP;4;0;1422
2018-12-28 00:00:00.000;271;JLP;1;0;1423
2018-12-28 00:00:00.000;133;VRL ;1;0;1424
2018-12-28 00:00:00.000;185;JLP;1;0;1425
2018-12-28 00:00:00.000;552;JLP;4;0;1426
2018-12-28 00:00:00.000;512;JLP;1;0;1427
2018-12-28 00:00:00.000;206;JLP;3;74,8;1428
2018-12-28 00:00:00.000;572;JLP;##;0;1429
2018-12-28 00:00:00.000;419;VRL ;1;0;1430
2018-12-28 00:00:00.000;480;VRL ;1;0;1431
2018-12-28 00:00:00.000;426;VRL ;1;0;1432
2018-12-28 00:00:00.000;390;VRL ;1;25,9;1433
2018-12-28 00:00:00.000;491;JLP;4;0;1434
2018-12-28 00:00:00.000;154;JLP;1;75,6;1435
2018-12-28 00:00:00.000;330;JLP;1;88,8;1436
2018-12-28 00:00:00.000;448;JLP;1;69,8;1437
2018-12-28 00:00:00.000;188;JLP;1;22,9;1438
2018-12-28 00:00:00.000;232;VRL ;1;0;1439
2018-12-28 00:00:00.000;247;VRL ;1;88,8;1440
2018-12-28 00:00:00.000;225;VRL ;1;0;1441
2018-12-28 00:00:00.000;111;VRL ;1;0;1442
2018-12-28 00:00:00.000;467;JLP;4;0;1443
2018-12-28 00:00:00.000;567;JLP;4;0;1444
2018-12-28 00:00:00.000;197;JLP;4;0;1445
2018-12-28 00:00:00.000;259;JLP;4;0;1446
2018-12-28 00:00:00.000;539;JLP;4;0;1447
2018-12-28 00:00:00.000;225;VRL ;1;0;1448
2018-12-28 00:00:00.000;226;VRL ;1;0;1449
2018-12-28 00:00:00.000;505;VRL ;1;0;1450
2018-12-28 00:00:00.000;405;VRL ;1;0;1451
2018-12-28 00:00:00.000;292;VRL ;1;0;1452
2018-12-28 00:00:00.000;206;VRL ;1;0;1453
2018-12-28 00:00:00.000;458;VRL ;1;0;1454
2018-12-28 00:00:00.000;328;JLP;4;0;1455
2018-12-28 00:00:00.000;156;JLP;4;0;1456
2018-12-28 00:00:00.000;578;JLP;1;0;1457
2018-12-28 00:00:00.000;606;JLP;4;0;1458
2018-12-28 00:00:00.000;416;JLP;1;0;1459
2018-12-28 00:00:00.000;216;VRL ;1;0;1460
2018-12-28 00:00:00.000;498;JLP;1;0;1461
2018-12-28 00:00:00.000;429;VRL ;1;99,9;1462
2018-12-28 00:00:00.000;467;VRL ;1;171,4;1463
2018-12-28 00:00:00.000;124;VRL ;1;99,9;1464
2018-12-28 00:00:00.000;496;VRL ;1;0;1465
2018-12-28 00:00:00.000;555;VRL ;3;169,9;1466
2018-12-28 00:00:00.000;300;JLP;3;0;1467
2018-12-28 00:00:00.000;574;VRL ;1;0;1468
2018-12-28 00:00:00.000;160;JLP;3;0;1469
2018-12-28 00:00:00.000;231;JLP;1;0;1470
2018-12-28 00:00:00.000;388;JLP;4;0;1471
2018-12-28 00:00:00.000;159;JLP;3;0;1472
2018-12-28 00:00:00.000;265;JLP;1;0;1473
2018-12-28 00:00:00.000;120;JLP;4;0;1474
2018-12-28 00:00:00.000;516;JLP;1;36,9;1475
2018-12-28 00:00:00.000;337;JLP;1;0;1476
2018-12-28 00:00:00.000;587;JLP;4;0;1477
2018-12-28 00:00:00.000;568;JLP;3;0;1478
2018-12-28 00:00:00.000;224;JLP;4;0;1479
2018-12-28 00:00:00.000;364;JLP;1;0;1480
2018-12-28 00:00:00.000;486;JLP;3;0;1481
2018-12-28 00:00:00.000;157;JLP;1;0;1482
2018-12-28 00:00:00.000;129;JLP;1;0;1483
2018-12-28 00:00:00.000;143;JLP;4;0;1484
2018-12-28 00:00:00.000;455;JLP;1;60,3;1485
2018-12-28 00:00:00.000;594;JLP;1;0;1486
2018-12-28 00:00:00.000;297;JLP;##;0;1487
2018-12-28 00:00:00.000;384;JLP;1;0;1488
2018-12-28 00:00:00.000;224;JLP;4;0;1489
2018-12-28 00:00:00.000;585;JLP;4;0;1490
2018-12-28 00:00:00.000;515;JLP;4;0;1491
2018-12-28 00:00:00.000;543;JLP;4;0;1492
2018-12-28 00:00:00.000;501;JLP;3;0;1493
2018-12-28 00:00:00.000;400;JLP;3;0;1494
2018-12-28 00:00:00.000;186;JLP;1;0;1495
2018-12-28 00:00:00.000;308;JLP;1;0;1496
2018-12-28 00:00:00.000;180;JLP;4;0;1497
2018-12-28 00:00:00.000;383;JLP;4;0;1498
2018-12-28 00:00:00.000;341;JLP;1;0;1499
2018-12-28 00:00:00.000;359;JLP;##;0;1500
2018-12-28 00:00:00.000;267;JLP;4;0;1501
2018-12-28 00:00:00.000;234;JLP;4;0;1502
2018-12-28 00:00:00.000;449;JLP;3;251,8;1503
2018-12-28 00:00:00.000;611;JLP;##;0;1504
2018-12-28 00:00:00.000;142;JLP;1;0;1505
2018-12-28 00:00:00.000;133;JLP;1;0;1506
2018-12-28 00:00:00.000;451;JLP;4;0;1507
2018-12-28 00:00:00.000;447;JLP;1;34,9;1508
2018-12-28 00:00:00.000;541;JLP;1;0;1509
2018-12-28 00:00:00.000;266;JLP;##;0;1510
2018-12-28 00:00:00.000;358;JLP;1;0;1511
2018-12-28 00:00:00.000;236;JLP;4;0;1512
2018-12-28 00:00:00.000;181;JLP;##;0;1513
2018-12-28 00:00:00.000;187;JLP;1;0;1514
2018-12-29 00:00:00.000;407;JLP;1;0;1515
2018-12-29 00:00:00.000;419;JLP;1;0;1516
2018-12-29 00:00:00.000;594;JLP;4;0;1517
2018-12-29 00:00:00.000;166;JLP;4;0;1518
2018-12-29 00:00:00.000;214;JLP;3;0;1519
2018-12-29 00:00:00.000;255;JLP;4;0;1520
2018-12-29 00:00:00.000;165;JLP;3;0;1521
2018-12-29 00:00:00.000;151;JLP;4;0;1522
2018-12-29 00:00:00.000;308;JLP;3;0;1523
2018-12-29 00:00:00.000;514;JLP;4;0;1524
2018-12-29 00:00:00.000;501;JLP;4;0;1525
2018-12-29 00:00:00.000;425;JLP;4;0;1526
2018-12-29 00:00:00.000;377;JLP;1;0;1527
2018-12-29 00:00:00.000;364;JLP;1;0;1528
2018-12-29 00:00:00.000;172;JLP;4;0;1529
2018-12-29 00:00:00.000;342;JLP;1;0;1530
2018-12-29 00:00:00.000;554;JLP;3;0;1531
2018-12-29 00:00:00.000;522;JLP;4;0;1532
2018-12-29 00:00:00.000;306;JLP;1;0;1533
2018-12-29 00:00:00.000;537;JLP;1;0;1534
2018-12-29 00:00:00.000;394;JLP;3;0;1535
2018-12-29 00:00:00.000;219;JLP;1;0;1536
2018-12-29 00:00:00.000;297;JLP;1;0;1537
2018-12-29 00:00:00.000;161;JLP;1;0;1538
2018-12-29 00:00:00.000;339;JLP;1;0;1539
2018-12-29 00:00:00.000;354;JLP;1;0;1540
2018-12-29 00:00:00.000;504;JLP;1;0;1541
2018-12-29 00:00:00.000;359;JLP;1;0;1542
2018-12-29 00:00:00.000;212;JLP;1;0;1543
2018-12-29 00:00:00.000;138;JLP;1;0;1544
2018-12-29 00:00:00.000;318;JLP;1;0;1545
2018-12-29 00:00:00.000;164;JLP;1;0;1546
2018-12-29 00:00:00.000;268;JLP;1;0;1547
2018-12-29 00:00:00.000;274;JLP;1;0;1548
2018-12-29 00:00:00.000;358;JLP;1;0;1549
2018-12-29 00:00:00.000;192;VRL ;3;0;1550
2018-12-29 00:00:00.000;459;VRL ;1;21,9;1551
2018-12-29 00:00:00.000;442;JLP;1;0;1552
2018-12-29 00:00:00.000;574;JLP;1;0;1553
2018-12-29 00:00:00.000;603;JLP;1;0;1554
2018-12-29 00:00:00.000;184;JLP;1;0;1555
2018-12-29 00:00:00.000;217;JLP;1;0;1556
2018-12-29 00:00:00.000;165;JLP;3;0;1557
2018-12-29 00:00:00.000;167;JLP;1;0;1558
2018-12-29 00:00:00.000;497;JLP;4;0;1559
2018-12-29 00:00:00.000;418;JLP;3;0;1560
2018-12-29 00:00:00.000;606;JLP;4;0;1561
2018-12-29 00:00:00.000;236;JLP;1;0;1562
2018-12-29 00:00:00.000;410;JLP;1;0;1563
2018-12-29 00:00:00.000;460;JLP;1;0;1564
2018-12-29 00:00:00.000;317;JLP;4;0;1565
2018-12-29 00:00:00.000;561;JLP;4;0;1566
2018-12-29 00:00:00.000;200;JLP;1;0;1567
2018-12-29 00:00:00.000;496;JLP;1;0;1568
2018-12-29 00:00:00.000;580;JLP;1;0;1569
2018-12-29 00:00:00.000;356;JLP;1;0;1570
2018-12-29 00:00:00.000;361;JLP;1;0;1571
2018-12-29 00:00:00.000;555;JLP;1;0;1572
2018-12-29 00:00:00.000;115;JLP;1;0;1573
2018-12-29 00:00:00.000;339;JLP;1;0;1574
2018-12-29 00:00:00.000;115;JLP;1;0;1575
2018-12-29 00:00:00.000;130;JLP;1;0;1576
2018-12-29 00:00:00.000;247;JLP;4;0;1577
2018-12-29 00:00:00.000;282;JLP;1;91,4;1578
2018-12-29 00:00:00.000;203;JLP;1;0;1579
2018-12-29 00:00:00.000;179;JLP;1;0;1580
2018-12-29 00:00:00.000;339;JLP;1;0;1581
2018-12-29 00:00:00.000;193;JLP;1;0;1582
2018-12-29 00:00:00.000;224;JLP;4;0;1583
2018-12-29 00:00:00.000;237;JLP;1;0;1584
2018-12-29 00:00:00.000;189;JLP;1;0;1585
2018-12-29 00:00:00.000;382;JLP;3;0;1586
2018-12-29 00:00:00.000;596;JLP;1;0;1587
2018-12-29 00:00:00.000;147;JLP;4;0;1588
2018-12-29 00:00:00.000;562;JLP;4;0;1589
2018-12-29 00:00:00.000;601;JLP;4;0;1590
2018-12-29 00:00:00.000;589;JLP;1;0;1591
2018-12-29 00:00:00.000;580;JLP;3;0;1592
2018-12-29 00:00:00.000;596;JLP;4;0;1593
2018-12-29 00:00:00.000;603;JLP;3;0;1594
2018-12-29 00:00:00.000;211;JLP;4;0;1595
2018-12-29 00:00:00.000;454;JLP;3;0;1596
2018-12-29 00:00:00.000;442;JLP;1;0;1597
2018-12-29 00:00:00.000;149;JLP;4;0;1598
2018-12-29 00:00:00.000;341;JLP;4;0;1599
2018-12-29 00:00:00.000;243;JLP;3;0;1600
2018-12-29 00:00:00.000;524;JLP;4;0;1601
2018-12-29 00:00:00.000;396;JLP;1;0;1602
2018-12-29 00:00:00.000;451;JLP;4;0;1603
2018-12-29 00:00:00.000;258;JLP;1;0;1604
2018-12-29 00:00:00.000;150;JLP;1;0;1605
2018-12-29 00:00:00.000;501;JLP;4;0;1606
2018-12-29 00:00:00.000;198;JLP;3;0;1607
2018-12-29 00:00:00.000;263;JLP;4;0;1608
2018-12-29 00:00:00.000;255;JLP;4;0;1609
2018-12-29 00:00:00.000;528;JLP;4;0;1610
2018-12-29 00:00:00.000;338;JLP;1;0;1611
2018-12-29 00:00:00.000;594;JLP;1;0;1612
2018-12-29 00:00:00.000;260;JLP;1;0;1613
2018-12-29 00:00:00.000;140;JLP;1;0;1614
2018-12-29 00:00:00.000;609;JLP;3;0;1615
2018-12-29 00:00:00.000;526;JLP;1;0;1616
2018-12-29 00:00:00.000;527;JLP;4;0;1617
2018-12-29 00:00:00.000;554;JLP;4;0;1618
2018-12-29 00:00:00.000;210;JLP;4;0;1619
2018-12-29 00:00:00.000;267;JLP;4;0;1620
2018-12-29 00:00:00.000;336;JLP;1;0;1621
2018-12-29 00:00:00.000;514;JLP;4;0;1622
2018-12-29 00:00:00.000;222;JLP;1;91,4;1623
2018-12-29 00:00:00.000;536;JLP;3;0;1624
2018-12-29 00:00:00.000;507;JLP;##;0;1625
2018-12-30 00:00:00.000;221;JLP;##;0;1626
2018-12-30 00:00:00.000;377;JLP;1;0;1627
2018-12-30 00:00:00.000;213;JLP;4;0;1628
2018-12-30 00:00:00.000;406;JLP;1;0;1629
2018-12-30 00:00:00.000;428;JLP;1;0;1630
2018-12-30 00:00:00.000;540;JLP;1;0;1631
2018-12-30 00:00:00.000;190;JLP;1;0;1632
2018-12-30 00:00:00.000;506;JLP;1;0;1633
2018-12-30 00:00:00.000;278;JLP;1;0;1634
2018-12-30 00:00:00.000;484;JLP;1;25,9;1635
2018-12-30 00:00:00.000;308;JLP;1;0;1636
2018-12-30 00:00:00.000;431;JLP;4;0;1637
2018-12-30 00:00:00.000;243;JLP;3;0;1638
2018-12-30 00:00:00.000;542;JLP;1;0;1639
2018-12-30 00:00:00.000;190;JLP;1;0;1640
2018-12-30 00:00:00.000;510;JLP;1;0;1641
2018-12-30 00:00:00.000;317;JLP;1;0;1642
2018-12-30 00:00:00.000;547;JLP;4;0;1643
2018-12-30 00:00:00.000;599;JLP;4;0;1644
2018-12-30 00:00:00.000;572;JLP;4;0;1645
2018-12-30 00:00:00.000;612;JLP;1;0;1646
2018-12-30 00:00:00.000;270;JLP;3;0;1647
2018-12-30 00:00:00.000;557;JLP;1;0;1648
2018-12-30 00:00:00.000;546;JLP;1;0;1649
2018-12-30 00:00:00.000;395;JLP;4;0;1650
2018-12-30 00:00:00.000;250;JLP;4;0;1651
2018-12-30 00:00:00.000;286;JLP;1;0;1652
2018-12-30 00:00:00.000;266;JLP;1;0;1653
2018-12-30 00:00:00.000;159;JLP;4;0;1654
2018-12-30 00:00:00.000;196;JLP;4;0;1655
2018-12-30 00:00:00.000;364;JLP;1;0;1656
2018-12-30 00:00:00.000;394;JLP;1;0;1657
2018-12-30 00:00:00.000;487;JLP;1;0;1658
2018-12-30 00:00:00.000;197;JLP;3;0;1659
2018-12-30 00:00:00.000;167;JLP;1;0;1660
2018-12-30 00:00:00.000;342;JLP;4;0;1661
2018-12-30 00:00:00.000;569;JLP;1;0;1662
2018-12-30 00:00:00.000;301;JLP;4;0;1663
2018-12-30 00:00:00.000;572;JLP;1;0;1664
2018-12-30 00:00:00.000;248;JLP;4;0;1665
2018-12-30 00:00:00.000;119;JLP;3;0;1666
2018-12-30 00:00:00.000;135;JLP;1;0;1667
2018-12-30 00:00:00.000;263;JLP;3;0;1668
2018-12-30 00:00:00.000;362;JLP;3;0;1669
2018-12-30 00:00:00.000;388;JLP;3;0;1670
2018-12-30 00:00:00.000;124;JLP;1;0;1671
2018-12-30 00:00:00.000;265;JLP;4;0;1672
2018-12-30 00:00:00.000;196;JLP;1;0;1673
2018-12-30 00:00:00.000;209;JLP;3;0;1674
2018-12-30 00:00:00.000;536;JLP;4;0;1675
2018-12-30 00:00:00.000;214;JLP;1;0;1676
2018-12-30 00:00:00.000;545;JLP;4;0;1677
2018-12-30 00:00:00.000;255;JLP;1;0;1678
2018-12-30 00:00:00.000;119;JLP;1;0;1679
2018-12-30 00:00:00.000;294;JLP;4;0;1680
2018-12-30 00:00:00.000;570;JLP;3;0;1681
2018-12-30 00:00:00.000;485;JLP;1;0;1682
2018-12-30 00:00:00.000;279;JLP;1;0;1683
2018-12-30 00:00:00.000;431;JLP;1;0;1684
2018-12-30 00:00:00.000;410;JLP;4;0;1685
2018-12-30 00:00:00.000;408;JLP;3;0;1686
2018-12-30 00:00:00.000;336;JLP;4;0;1687
2018-12-30 00:00:00.000;328;JLP;1;0;1688
2018-12-30 00:00:00.000;185;JLP;1;0;1689
2018-12-30 00:00:00.000;264;JLP;4;0;1690
2018-12-30 00:00:00.000;591;JLP;##;0;1691
2018-12-30 00:00:00.000;255;JLP;4;0;1692
2018-12-30 00:00:00.000;297;JLP;3;0;1693
2018-12-30 00:00:00.000;529;JLP;3;0;1694
2018-12-30 00:00:00.000;193;JLP;3;0;1695
2018-12-30 00:00:00.000;193;JLP;4;0;1696
2018-12-30 00:00:00.000;344;JLP;1;0;1697
2018-12-30 00:00:00.000;345;JLP;4;0;1698
2018-12-30 00:00:00.000;362;JLP;3;0;1699
2018-12-30 00:00:00.000;568;JLP;4;0;1700
2018-12-30 00:00:00.000;132;JLP;1;0;1701
2018-12-30 00:00:00.000;140;JLP;1;0;1702
2018-12-30 00:00:00.000;584;JLP;1;0;1703
2018-12-30 00:00:00.000;580;JLP;1;12;1704
2018-12-30 00:00:00.000;331;JLP;1;0;1705
2018-12-30 00:00:00.000;378;JLP;1;0;1706
2018-12-30 00:00:00.000;609;JLP;1;39,9;1707
2018-12-30 00:00:00.000;118;JLP;3;0;1708
2018-12-30 00:00:00.000;279;JLP;3;0;1709
2018-12-30 00:00:00.000;220;JLP;4;0;1710
2018-12-30 00:00:00.000;321;JLP;1;0;1711
2018-12-30 00:00:00.000;503;JLP;4;0;1712
2018-12-30 00:00:00.000;454;JLP;##;0;1713
2018-12-30 00:00:00.000;364;JLP;4;0;1714
2018-12-30 00:00:00.000;437;JLP;1;0;1715
2018-12-30 00:00:00.000;173;JLP;1;0;1716
2018-12-30 00:00:00.000;453;JLP;1;0;1717
2018-12-30 00:00:00.000;529;JLP;1;0;1718
2018-12-30 00:00:00.000;465;JLP;4;0;1719
2018-12-30 00:00:00.000;135;JLP;4;0;1720
2018-12-30 00:00:00.000;121;JLP;4;0;1721
2018-12-30 00:00:00.000;253;JLP;3;0;1722
2018-12-31 00:00:00.000;162;JLP;##;0;1723
2018-12-31 00:00:00.000;129;JLP;4;0;1724
2018-12-31 00:00:00.000;522;JLP;1;0;1725
2018-12-31 00:00:00.000;326;JLP;1;0;1726
2018-12-31 00:00:00.000;600;JLP;3;0;1727
2018-12-31 00:00:00.000;373;JLP;4;0;1728
2018-12-31 00:00:00.000;121;JLP;1;0;1729
2018-12-31 00:00:00.000;496;JLP;1;0;1730
2018-12-31 00:00:00.000;269;JLP;1;0;1731
2018-12-31 00:00:00.000;193;JLP;1;0;1732
2018-12-31 00:00:00.000;421;JLP;1;0;1733
2018-12-31 00:00:00.000;554;JLP;1;0;1734
2018-12-31 00:00:00.000;257;JLP;3;0;1735
2018-12-31 00:00:00.000;508;JLP;1;0;1736
2018-12-31 00:00:00.000;275;JLP;1;0;1737
2018-12-31 00:00:00.000;595;JLP;4;0;1738
2018-12-31 00:00:00.000;270;JLP;1;0;1739
2018-12-31 00:00:00.000;562;JLP;4;0;1740
2018-12-31 00:00:00.000;512;JLP;1;0;1741
2018-12-31 00:00:00.000;434;JLP;4;0;1742
2018-12-31 00:00:00.000;359;JLP;4;0;1743
2018-12-31 00:00:00.000;489;JLP;1;0;1744
2018-12-31 00:00:00.000;608;JLP;1;0;1745
2018-12-31 00:00:00.000;412;JLP;1;0;1746
2018-12-31 00:00:00.000;507;JLP;##;0;1747
2018-12-31 00:00:00.000;332;JLP;1;0;1748
2018-12-31 00:00:00.000;334;JLP;4;0;1749
2018-12-31 00:00:00.000;189;JLP;##;0;1750
2018-12-31 00:00:00.000;397;JLP;4;0;1751
2018-12-31 00:00:00.000;180;JLP;1;0;1752
2018-12-31 00:00:00.000;524;JLP;4;0;1753
2018-12-31 00:00:00.000;256;JLP;4;0;1754
2018-12-31 00:00:00.000;230;JLP;3;0;1755
2018-12-31 00:00:00.000;383;JLP;4;0;1756
2018-12-31 00:00:00.000;447;JLP;4;0;1757
2018-12-31 00:00:00.000;181;JLP;3;0;1758
2018-12-31 00:00:00.000;385;JLP;1;0;1759
2018-12-31 00:00:00.000;470;JLP;4;0;1760
2018-12-31 00:00:00.000;137;JLP;##;0;1761
2018-12-31 00:00:00.000;286;JLP;4;0;1762
2018-12-31 00:00:00.000;542;JLP;4;0;1763
2018-12-31 00:00:00.000;523;JLP;4;0;1764
2018-12-31 00:00:00.000;117;JLP;1;0;1765
2018-12-31 00:00:00.000;330;VRL ;4;0;1766
2018-12-31 00:00:00.000;241;VRL ;1;42,9;1767
2018-12-31 00:00:00.000;223;VRL ;3;0;1768
2018-12-31 00:00:00.000;583;JLP;1;0;1769
2018-12-31 00:00:00.000;147;JLP;4;0;1770
2018-12-31 00:00:00.000;416;JLP;1;0;1771
2018-12-31 00:00:00.000;259;JLP;1;0;1772
2018-12-31 00:00:00.000;307;JLP;1;0;1773
2018-12-31 00:00:00.000;403;JLP;1;0;1774
2018-12-31 00:00:00.000;156;JLP;1;0;1775
2018-12-31 00:00:00.000;256;JLP;##;0;1776
2018-12-31 00:00:00.000;228;JLP;1;0;1777
2018-12-31 00:00:00.000;340;JLP;1;0;1778
2018-12-31 00:00:00.000;379;JLP;1;0;1779
2018-12-31 00:00:00.000;585;JLP;4;0;1780
2018-12-31 00:00:00.000;277;JLP;3;0;1781
2018-12-31 00:00:00.000;356;JLP;4;0;1782
2018-12-31 00:00:00.000;575;JLP;1;0;1783
2018-12-31 00:00:00.000;161;JLP;4;0;1784
2018-12-31 00:00:00.000;568;JLP;3;0;1785
2018-12-31 00:00:00.000;226;JLP;4;0;1786
2018-12-31 00:00:00.000;433;JLP;1;0;1787
2018-12-31 00:00:00.000;422;JLP;##;0;1788
2018-12-31 00:00:00.000;554;JLP;1;0;1789
2018-12-31 00:00:00.000;486;JLP;1;0;1790
2018-12-31 00:00:00.000;383;JLP;##;0;1791
2018-12-31 00:00:00.000;232;JLP;4;0;1792
2018-12-31 00:00:00.000;428;JLP;4;0;1793
2018-12-31 00:00:00.000;440;JLP;3;0;1794
2018-12-31 00:00:00.000;331;JLP;4;0;1795
2018-12-31 00:00:00.000;148;JLP;1;0;1796
2018-12-31 00:00:00.000;299;JLP;1;0;1797
2018-12-31 00:00:00.000;308;JLP;4;0;1798
2018-12-31 00:00:00.000;156;JLP;1;0;1799
2018-12-31 00:00:00.000;575;JLP;4;0;1800
2018-12-31 00:00:00.000;511;JLP;4;0;1801
2018-12-31 00:00:00.000;509;JLP;1;0;1802
2018-12-31 00:00:00.000;419;JLP;3;0;1803
2018-12-31 00:00:00.000;328;JLP;4;0;1804
2018-12-31 00:00:00.000;265;JLP;4;0;1805
2018-12-31 00:00:00.000;324;JLP;1;0;1806
2018-12-31 00:00:00.000;155;JLP;4;0;1807
2018-12-31 00:00:00.000;532;JLP;1;0;1808
2018-12-31 00:00:00.000;280;JLP;4;0;1809
2018-12-31 00:00:00.000;366;JLP;1;0;1810
2018-12-31 00:00:00.000;121;JLP;1;0;1811
2018-12-31 00:00:00.000;591;JLP;3;0;1812
2018-12-31 00:00:00.000;303;JLP;4;0;1813
2018-12-31 00:00:00.000;244;JLP;4;0;1814
2018-12-31 00:00:00.000;566;JLP;1;0;1815
2018-12-31 00:00:00.000;590;JLP;4;0;1816
2018-12-31 00:00:00.000;515;JLP;4;0;1817
2018-12-31 00:00:00.000;365;JLP;##;0;1818
2018-12-31 00:00:00.000;357;JLP;3;0;1819
